"id","reference","categorie"
1664,"HPE 300GB — SAS 10K — avec caddy","SAS — 2,5"" — 300GB / 146GB"
1665,"HPE 300GB — SAS 10K — avec caddy","SAS — 2,5"" — 300GB / 146GB"
1666,"HPE 300GB — SAS 10K — avec caddy","SAS — 2,5"" — 300GB / 146GB"
1667,"HPE 300GB — SAS 10K — avec caddy","SAS — 2,5"" — 300GB / 146GB"
1668,"HPE 300GB — SAS 10K — avec caddy","SAS — 2,5"" — 300GB / 146GB"
1669,"HPE 300GB — SAS 10K — avec caddy","SAS — 2,5"" — 300GB / 146GB"
1001,"RTX 2080 TI","CARTE GRAPHIQUE"
1670,"HPE 300GB — SAS 10K — avec caddy","SAS — 2,5"" — 300GB / 146GB"
1671,"HPE 300GB — SAS 10K — avec caddy","SAS — 2,5"" — 300GB / 146GB"
685,"SSD 256gb","SATA"
686,"SSD 256gb","SATA"
687,"SSD 256gb","SATA"
740,"Lenovo ThinkCentre i5-6th 8gb 256gb ssd","Mini pc"
688,"SSD 256gb","SATA"
25,"Dell latitude 7280 i7 7600U 8gb ddr4 256gb nvme fhd 12.8p battery miss","laptop"
689,"SSD 256gb","SATA"
1007,"Dell Optiplex 3050 i5-7500T 8gb/256gb ssd","Mini pc"
1008,"Dell Optiplex 3050 i5-7500T 8gb/256gb ssd","Mini pc"
1009,"Dell Optiplex 3050 i5-7500T 8gb/256gb ssd","Mini pc"
1010,"Dell Optiplex 3050 i5-7500T 8gb/256gb ssd","Mini pc"
942,"Hp EliteDesk 705 G4 Ryzen 5 PRO 2400G","Mini pc"
802,"Lenovo ThinkCentre amd pro a6 8gb 256gb SSD","Mini pc"
803,"Lenovo ThinkCentre amd pro a6 8gb 256gb SSD","Mini pc"
737,"Lenovo ThinkCentre i3-10th 8gb ddr4 240gb SSD","Mini pc"
1444,"Dell Aurora R13 i5 12400t 16gb ram ddr5 1tb ssd nvme Rtx 3060 12gb vram","PC BUREAU"
1435,"Hp prodesk 400 g6 mt i5 8500t 8gb ddr4 256gb nvme","PC BUREAU"
77,"Dell Optiplex 5050 i7 6eme 8gb ddr4 256gb SSD","PC BUREAU SSF"
690,"SSD 256gb","SATA"
691,"SSD 256gb","SATA"
1443,"Hp Z 440 Xeon e5-1620 16gb ddr4 256gb ssd","Station de travail"
14,"Dell vostro 5410 i5 11320H 8gb ddr4 256gb nvme fhd 14p battery 81%","laptop"
913,"USB-C to C 5Gbps 100W 5A","Cable"
914,"USB-C to C 5Gbps 100W 5A","Cable"
1002,"RTX 2080 TI","CARTE GRAPHIQUE"
929,"HP EliteOne 800 g5 i5 9600 8gb ram 240gb nvme","All in One"
1446,"Adaptateur réseau i-tec USB-C Gigabit Ethernet (10/100/1000 Mbps).","Adapter"
1447,"Adaptateur réseau i-tec USB-C Gigabit Ethernet (10/100/1000 Mbps).","Adapter"
1448,"Adaptateur réseau i-tec USB-C Gigabit Ethernet (10/100/1000 Mbps).","Adapter"
1449,"Adaptateur réseau i-tec USB-C Gigabit Ethernet (10/100/1000 Mbps).","Adapter"
1450,"Adaptateur réseau i-tec USB-C Gigabit Ethernet (10/100/1000 Mbps).","Adapter"
1006,"P2200","CARTE GRAPHIQUE"
915,"USB-C to C 5Gbps 100W 5A","Cable"
916,"USB-C to C 5Gbps 100W 5A","Cable"
917,"USB-C to C 5Gbps 100W 5A","Cable"
918,"USB-C to C 5Gbps 100W 5A","Cable"
919,"USB-C to C 5Gbps 100W 5A","Cable"
1635,"HP 450GB — SAS 10K — avec caddy","SAS — 2,5"" — 450GB HDD"
1636,"HP 450GB — SAS 10K — avec caddy","SAS — 2,5"" — 450GB HDD"
1579,"Dell 600GB — SAS 10K — avec caddy","SAS — 2,5"" — 600GB / 900GB HDD"
1580,"Dell 600GB — SAS 10K — avec caddy","SAS — 2,5"" — 600GB / 900GB HDD"
1581,"Dell 600GB — SAS 10K — avec caddy","SAS — 2,5"" — 600GB / 900GB HDD"
1191,"Lenovo ThinkpadStation P320-intel core i7-7em gen","Station de travail"
1195,"Tour noir 2CRSI-PROCESSEUR XEON 4214, 16GO RAM,256GB NVME","Station de travail"
1221,"HDD SAS 4To-7.2K RPM-VIOLET 3.5","Stockage-Disque SAS"
1471,"Support de bureau articulé AISENS DT24TSR-371 (Écrans 10"" à 24"")","Support ecran"
13,"Dell vostro 5410 i5 11320H 8gb ddr4 256gb nvme fhd 14p battery 84%","laptop"
1093,"Dell Latitude 7280 i7-7600 U 8go ddr4 256gb ssd nvme 12.5p","laptop"
1094,"Dell Latitude 7280 i7-7600 U 8go ddr4 256gb ssd nvme 12.5p","laptop"
19,"Dell latitude 3410 i3 10110U 8gb ddr4 256gb nvme fhd 14p battery 43%","laptop"
18,"Dell latitude 3410 i3 10110U 8gb ddr4 256gb nvme fhd 14p battery 45%","laptop"
26,"Dell latitude 3420 i5 1135G7 8gb ddr4 256gb nvme fhd 14p battery 69%","laptop"
15,"Dell vostro 5410 i5 11320H 8gb ddr4 256gb nvme fhd 14p battery 78%","laptop"
28,"Hp notebook 255 G8 ryzen 3 3250U 8 gb ddr4 256gb nvme fhd 15.6p battery 96%","laptop"
1179,"Carte S2600W, 16GO RAM, XEON E5-2620v3","serveurs Tour"
41,"Lenovo thinkbook 14 G3 Ryzen 5 5500U 16gb ddr4 512gb nvme battery 4h","laptop"
29,"Hp probook X360 11 G6 i5 10210Y 8 gb ddr4 128gb nvme tactile fhd 11.6p","laptop"
1034,"Lenovo thinkpad x390 i5-8265 U 8gb ddr4 256gb ssd nvme 13.3''FHD","laptop"
98,"HP - 45w","Chargeur HP"
1175,"HP PROLiant ML110 Gen9","serveurs Tour"
1159,"Dell PowerEdge 2950","serveurs rack"
1158,"Dell PowerEdge R430","serveurs rack"
1135,"Dell PowerEdge R630","serveurs rack"
1152,"HPE PROLiant DL360 Gen10","serveurs rack"
1153,"HPE PROLiant DL360 Gen10","serveurs rack"
1141,"HPE PROLiant DL380 Gen10","serveurs rack"
1142,"HPE PROLiant DL380 Gen10","serveurs rack"
1160,"HPE PROLiant DL380 Gen9","serveurs rack"
1604,"HPE 600GB — SAS 10K — sans caddy","SAS — 2,5"" — 600GB / 900GB HDD"
932,"HP ProOne 600 G4 21.5 i3 8eme 16gb ram 256gb ssd","All in One"
99,"HP - 45w","Chargeur HP"
100,"HP - 45w","Chargeur HP"
101,"HP - 45w","Chargeur HP"
1012,"Dell Optiplex 3050 i5-6th 8gb 256gb ssd","Mini pc"
1013,"Dell Optiplex 3050 i5-6th 8gb 256gb ssd","Mini pc"
738,"Lenovo ThinkCentre m70q gen 3 i5 12400t 16gb ddr4 500gb ssd","Mini pc"
869,"USB-C to C 5Gbps 100W 5A","Cable"
1451,"Adaptateur réseau i-tec USB-C Gigabit Ethernet (10/100/1000 Mbps).","Adapter"
1452,"Adaptateur réseau i-tec USB-C Gigabit Ethernet (10/100/1000 Mbps).","Adapter"
1453,"Adaptateur réseau i-tec USB-C Gigabit Ethernet (10/100/1000 Mbps).","Adapter"
1454,"Adaptateur réseau i-tec USB-C Gigabit Ethernet (10/100/1000 Mbps).","Adapter"
930,"HP Pro One 600 G4 I5 8500 8GB RAM 256GB","All in One"
870,"USB-C to C 5Gbps 100W 5A","Cable"
871,"USB-C to C 5Gbps 100W 5A","Cable"
872,"USB-C to C 5Gbps 100W 5A","Cable"
873,"USB-C to C 5Gbps 100W 5A","Cable"
22,"Dell latitude 7390 i7 8650U 16gb ddr4 512gb nvme fhd 13.2p battery HS","laptop"
30,"Lenovo thinkpad P16V G1 i7 13700H 16gb ddr5 1tb nvme fhd 15.6p rtx A1000 battery 94%","laptop"
933,"Hp G1 i3 4130 4GB ddr3 500gb HDD","PC BUREAU"
1557,"Dell 900GB — SAS 10K 12Gbps — avec caddy","SAS — 2,5"" — 600GB / 900GB HDD"
1558,"Dell 900GB — SAS 10K 12Gbps — avec caddy","SAS — 2,5"" — 600GB / 900GB HDD"
1559,"Dell 900GB — SAS 10K 12Gbps — avec caddy","SAS — 2,5"" — 600GB / 900GB HDD"
1560,"Dell 900GB — SAS 10K 12Gbps — avec caddy","SAS — 2,5"" — 600GB / 900GB HDD"
1460,"Station d'accueil Dell Dock WD15","Station d'accueil"
17,"Dell latitude 3410 i3 10110U 8gb ddr4 256gb nvme fhd 14p battery 50%","laptop"
43,"Dell latitude 3440 i5 1235U 8gb ddr4 256gb nvme fhd 14p","laptop"
16,"Dell vostro 5410 i5 11320H 8gb ddr4 256gb nvme fhd 14p battery 61%","laptop"
44,"Hp probook X360 11 G6 i5 10210Y 8 gb ddr4 128gb nvme tactile fhd 11.6p","laptop"
40,"Lenovo V15 G2 ryzen 5 5500U 8gb ddr4 256gb nvme fhd 15.6p battery 81%","laptop"
39,"Lenovo thinkbook 13S G2 i5 1135U 8gb ddr4 256gb nvme tactile fhd 13p battery 87%","laptop"
38,"Lenovo thinkpad P14S G1 i7 10510U 16gb ddr4 256gb nvme fhd 14p Quadro P520 battery 88%","laptop"
1436,"Lenovo thinkbook 14 G3 Ryzen 5 5500U 16gb ddr4 512gb nvme battery 4h","laptop"
42,"Lenovo thinkpad E585 ryzen 5 2500U 8gb ddr4 256gb nvme fhd 15.6 radeon vega 8 battery 90%","laptop"
31,"Lenovo thinkpad P15V G3 i7 12700H 16gb ddr5 512gb nvme fhd 15.6p T600 battery 83%","laptop"
33,"Lenovo thinkpad T14 G1 i7 10510U 16gb ddr4 256gb nvme fhd 14p battery 90%","laptop"
32,"Lenovo thinkpad T14 G1 i7 10510U 16gb ddr4 512gb nvme fhd 14p battery 85%","laptop"
1035,"Lenovo thinkpad x280 i5-8350 U 8go ddr4 256gb ssd nvme 12.5''FHD","laptop"
37,"Lenovo thinkpad x390 i5 8265U 8gb ddr4 512gb nvme fhd 13p battery 4h","laptop"
63,"HP elitebook AMD Pro a6 8gb ddr3 500gb HDD","PC BUREAU"
34,"Lenovo thinkpad T14 G1 i7 10510U 16gb ddr4 256gb nvme fhd 14p battery hs","laptop"
53,"Maximpower i3 7eme 8gb ddr4 256gb sata SSD","PC BUREAU"
20,"Dell latitude 3410 i3 10110U 8gb ddr4 256gb nvme fhd 14p battery HS","laptop"
1015,"Dell Optiplex 3040 i5 6500T 8gb ddr3 256gb sata ssd","Mini pc"
1016,"Dell Optiplex 3040 i5 6500T 8gb ddr3 256gb sata ssd","Mini pc"
21,"Dell latitude 7390 i7 8650U 8gb ddr4 256gb nvme fhd 13.2p battery miss","laptop"
54,"Acer vertirom i3 7eme 8gb ddr4 256gb sata SSD","PC BUREAU"
1,"RX 580","CARTE GRAPHIQUE"
2,"RX 580","CARTE GRAPHIQUE"
4,"RX 580","CARTE GRAPHIQUE"
3,"RX 580","CARTE GRAPHIQUE"
1455,"Starter Wired Combo keyboard/mouse","CLAVIERS & PÉRIPHÉRIQUES"
1456,"Starter Wired Combo keyboard/mouse","CLAVIERS & PÉRIPHÉRIQUES"
5,"RX 570","CARTE GRAPHIQUE"
168,"LENOVO - 65w ( normal )","Chargeur LENOVO"
169,"LENOVO - 65w ( normal )","Chargeur LENOVO"
170,"LENOVO - 65w ( normal )","Chargeur LENOVO"
6,"RX 570","CARTE GRAPHIQUE"
7,"RX 570","CARTE GRAPHIQUE"
8,"RX 570","CARTE GRAPHIQUE"
1468,"Dell Wired Keyboard","CLAVIERS & PÉRIPHÉRIQUES"
1469,"Dell Wired Keyboard","CLAVIERS & PÉRIPHÉRIQUES"
171,"LENOVO - 65w ( normal )","Chargeur LENOVO"
172,"LENOVO - 65w ( normal )","Chargeur LENOVO"
181,"LENOVO - 65w ( type C )","Chargeur LENOVO"
182,"LENOVO - 65w ( type C )","Chargeur LENOVO"
183,"LENOVO - 65w ( type C )","Chargeur LENOVO"
184,"LENOVO - 65w ( type C )","Chargeur LENOVO"
185,"LENOVO - 65w ( type C )","Chargeur LENOVO"
936,"Canon i-sensys LBP6780x","Imprimante"
80,"Dell Optiplex i7 4790 8gb ddr3 256gb SSD","PC BUREAU"
57,"Dell optiplex 3040 i5 6500t 8gb ddr3 256gb sata SSD","PC BUREAU"
56,"Dell optiplex 7040 i7 6700 8gb ddr3 256gb nvme SSD","PC BUREAU"
52,"Fujitsu mt i3 6eme 8gb ddr4 256gb sata SSD","PC BUREAU"
1561,"Dell 900GB — SAS 10K 12Gbps — avec caddy","SAS — 2,5"" — 600GB / 900GB HDD"
1438,"Lenovo thinkbook 14 G3 Ryzen 5 5500U 16gb ddr4 512gb nvme battery 4h","laptop"
1053,"Lenovo thinkpad x1 carbon i5-8550 U 8go ddr4 256gb ssd nvme 14p","laptop"
1562,"Dell 900GB — SAS 10K 12Gbps — avec caddy","SAS — 2,5"" — 600GB / 900GB HDD"
1054,"Lenovo thinkpad x1 carbon i5-8550 U 8go ddr4 256gb ssd nvme 14p","laptop"
70,"HP PRODESK 400 G6 i3 9eme 8gb ddr4 256gb nvme SSD","PC BUREAU"
1563,"Dell 900GB — SAS 10K 12Gbps — avec caddy","SAS — 2,5"" — 600GB / 900GB HDD"
1564,"Dell 900GB — SAS 10K 12Gbps — avec caddy","SAS — 2,5"" — 600GB / 900GB HDD"
1605,"HPE 600GB — SAS 10K — sans caddy","SAS — 2,5"" — 600GB / 900GB HDD"
1606,"HPE 600GB — SAS 10K — sans caddy","SAS — 2,5"" — 600GB / 900GB HDD"
1565,"Dell 900GB — SAS 10K 12Gbps — avec caddy","SAS — 2,5"" — 600GB / 900GB HDD"
1056,"Lenovo E31 i5-6200 U 8go ddr4 256gb ssd nvme 13.3p","laptop"
1052,"Lenovo carbon i5-7200 8go ddr4 256gb sssd nvme 14.0''FHD","laptop"
61,"Hp elitedesk i7 upro 6eme 8gb ddr4 256gb sata SSD","PC BUREAU"
59,"Hp pavilion i5 8eme 16gb ddr4 128gb nvme SSD","PC BUREAU"
1071,"Lenovo thinkbook 14 G2 I7-1165 G7 16go ddr4 512gb ssd nvme pcle 14p","laptop"
1637,"HP 450GB — SAS 10K — sans caddy","SAS — 2,5"" — 450GB HDD"
1055,"Lenovo thinkpad x260 i5-6300 U 8go ddr4 256gb ssd nvme 12.5p","laptop"
1638,"HP 450GB — SAS 10K — sans caddy","SAS — 2,5"" — 450GB HDD"
64,"Hp 280 g2 i3 6eme 8gb ddr4 240gb sata SSD","PC BUREAU SSF"
58,"Hp prodesk i5 8eme 8gb ddr4 256gb sata ssd","PC BUREAU"
62,"ThinkCentre i7 upro 7eme 8gb ddr4 256gb sata SSD","PC BUREAU"
73,"Dell optiplex 3040 i5 6500t 8gb ddr3 256gb sata SSD","PC BUREAU SSF"
66,"Acer aspire XR 780 i3 7eme 8gb GT710 1GB VRAM 256gb sata SSD","PC BUREAU SSF"
1045,"Lenovo thinkpad x280 i5-8350 U 8go ddr4 256gb ssd nvme 12.5''FHD","laptop"
934,"FUJI SFF i5 7400 4gb 256gb","PC BUREAU SSF"
1639,"HP 450GB — SAS 10K — sans caddy","SAS — 2,5"" — 450GB HDD"
414,"i3 - 6100","INTEL"
415,"i3 - 6100","INTEL"
68,"HP prodesk 600 G2 i3 6eme 8gb ddr3 256gb nvme SSD","PC BUREAU SSF"
1046,"Lenovo thinkpad x280 i5-8350 U 8go ddr4 256gb ssd nvme 12.5''FHD","laptop"
1161,"HPE PROLiant ML350 Gen9","serveurs Tour"
23,"Dell latitude 7280 i7 7600U 8gb ddr4 256gb nvme fhd 12.8p battery HS","laptop"
24,"Dell latitude 7280 i7 7600U 8gb ddr4 256gb nvme fhd 12.8p battery miss","laptop"
1162,"HPE PROLiant ML350 Gen9","serveurs Tour"
1163,"HPE PROLiant ML350 Gen9","serveurs Tour"
1164,"HPE PROLiant ML350 Gen9","serveurs Tour"
1147,"HPE PROLiant DL360 Gen10","serveurs rack"
1148,"HPE PROLiant DL360 Gen10","serveurs rack"
161,"LENOVO - 45w","Chargeur LENOVO"
162,"LENOVO - 65w ( normal )","Chargeur LENOVO"
416,"i3 - 6100","INTEL"
417,"i3 - 6100","INTEL"
418,"i3 - 6100","INTEL"
1566,"Dell 900GB — SAS 10K 12Gbps — avec caddy","SAS — 2,5"" — 600GB / 900GB HDD"
1567,"Dell 900GB — SAS 10K 12Gbps — avec caddy","SAS — 2,5"" — 600GB / 900GB HDD"
1568,"Dell 900GB — SAS 10K 12Gbps — avec caddy","SAS — 2,5"" — 600GB / 900GB HDD"
935,"Lexmark MS310dn","Imprimante"
806,"Dell Optiplex 3040 i5 6500T 8gb ddr3 256gb sata ssd","Mini pc"
939,"HP EliteDisplay E22 G4 FHD 21.5""","ecran"
1091,"Dell Latitude 3540 i5-4210 U 8go ddr3l 256gb ssd 15.6p","laptop"
1092,"Dell Latitude 3540 i5-4210 U 8go ddr3l 256gb ssd 15.6p","laptop"
1095,"Dell Latitude 7280 i7-7600 U 8go ddr4 256gb ssd nvme 14p","laptop"
1082,"Dell Latitude 7300 i7-8665 U 8go ddr4 256gb ssd nvme 13.3p","laptop"
1083,"Dell Latitude 7300 i7-8665 U 8go ddr4 256gb ssd nvme 13.3p","laptop"
1084,"Dell Latitude 7390 i7-8650 U 8go ddr4 256gb ssd nvme 13.3p","laptop"
1085,"Dell Latitude 7390 i7-8650 U 8go ddr4 256gb ssd nvme 13.3p","laptop"
1102,"Dell Latitude 7420 i5-1145 G7 16go LPDDR4x 512gb ssd nvme pcle 14p","laptop"
1096,"Dell Latitude 7480 i7-6600 8go ddr4 256gb ssd nvme 14p","laptop"
1088,"Dell Latitude E 7250 i5-5300 U DDR3L ssd mSATA (probleme touchpad)","laptop"
1089,"Dell Latitude E 7250 i5-5300 U DDR3L ssd mSATA (probleme touchpad)","laptop"
1077,"Lenovo thinkpad x270 i5-7300 U 8go ddr4 256gb ssd nvme 12.5p","laptop"
1086,"Dell Vostro 15 i5-7200 U 8go ddr4 256gb ssd 2.5''sata15.6p","laptop"
1087,"Dell Vostro 15 i5-7200 U 8go ddr4 256gb ssd 2.5''sata15.6p","laptop"
1103,"Dell Vostro 3590 i5-10210 U 16go ddr4 512gb ssd nvme 15.6p","laptop"
12,"Dell vostro 5410 i5 11320H 8gb ddr4 256gb nvme fhd 14p battery 85%","laptop"
1067,"Lenovo thinkpad E14-G2 i7-1165 G7 16go ddr4 512gb ssd nvme pcle 14p","laptop"
102,"HP - 65w","Chargeur HP"
1068,"Lenovo thinkpad E14-G2 i7-1165 G7 16go ddr4 512gb ssd nvme pcle 14p","laptop"
1075,"Lenovo thinkpad T14 Gen1 i7-1051 U 16go ddr4 512gb ssd nvme 14p","laptop"
1076,"Lenovo thinkpad T14 Gen1 i7-1051 U 16go ddr4 512gb ssd nvme 14p","laptop"
1442,"Lenovo thinkpad x13 ryzen 5 4650u 8gb ddr4 256gb nvme ssd 86%","laptop"
1078,"Lenovo thinkpad x270 i5-7300 U 8go ddr4 256gb ssd nvme 12.5p","laptop"
103,"HP - 65w","Chargeur HP"
175,"LENOVO - 65w ( type C )","Chargeur LENOVO"
176,"LENOVO - 65w ( type C )","Chargeur LENOVO"
93,"HP - 45w","Chargeur HP"
94,"HP - 45w","Chargeur HP"
141,"DELL - 90w","Chargeur DELL"
142,"DELL - 90w","Chargeur DELL"
419,"i3 - 6100","INTEL"
420,"i3 - 6100","INTEL"
421,"i3 - 6100","INTEL"
1079,"Lenovo thinkpad x270 i5-7300 U 8go ddr4 256gb ssd nvme 12.5p","laptop"
1149,"Fujitsu Primergy RX2540 M2","serveurs rack"
422,"i3 - 6100","INTEL"
423,"i3 - 6100","INTEL"
1150,"Fujitsu Primergy RX2540 M2","serveurs rack"
1151,"Fujitsu Primergy RX2540 M2","serveurs rack"
1154,"HPE PROLiant DL325 Gen10","serveurs rack"
1155,"HPE PROLiant DL325 Gen10","serveurs rack"
1640,"HPE 450GB — SAS 15K — sans caddy","SAS — 2,5"" — 450GB HDD"
143,"DELL - 130w / 135w","Chargeur DELL"
1462,"Dell Combo Wireless keyboard/Mouse","CLAVIERS & PÉRIPHÉRIQUES"
1467,"Lenovo Wired Combo keyboard/mouse","CLAVIERS & PÉRIPHÉRIQUES"
1466,"Lenovo Wired Combo keyboard/mouse","CLAVIERS & PÉRIPHÉRIQUES"
144,"DELL - 130w / 135w","Chargeur DELL"
145,"DELL - 130w / 135w","Chargeur DELL"
146,"DELL - 130w / 135w","Chargeur DELL"
72,"ThinkCentre i7 8700 16gb ddr4 256gb SSD","PC BUREAU"
125,"DELL - 65w","Chargeur DELL"
1097,"Dell Latitude 7380 i5-8265 U 8go ddr4 256gb ssd nvme 13.3p","laptop"
51,"Hp G1 i3 4130 4GB ddr3 500gb HDD","PC BUREAU"
67,"HP Prodesk 290 G1 i3 7eme 8gb ddr4 250gb sata SSD","PC BUREAU"
78,"Hp Pro tower i5 14400 16gb ddr5 256gb nvme SSD","PC BUREAU"
69,"Dell Optiplex 3060 i3 8100 8gb ddr4 256gb nvme SSD","PC BUREAU SSF"
75,"Dell inspiron i5 8400 8gb ddr4 256gb SSD","PC BUREAU"
71,"ThinkCentre i7 9700 16gb ddr4 256gb SSD","PC BUREAU"
74,"ThinkCentre i5 7400 8gb ddr4 256gb SSD","PC BUREAU"
1569,"Dell 900GB — SAS 10K 12Gbps — avec caddy","SAS — 2,5"" — 600GB / 900GB HDD"
82,"Hp prodesk 600 g2 i7 6100 8gb ddr4 256gb SSD","PC BUREAU"
126,"DELL - 65w","Chargeur DELL"
1570,"Dell 900GB — SAS 10K 12Gbps — avec caddy","SAS — 2,5"" — 600GB / 900GB HDD"
1571,"Dell 900GB — SAS 10K 12Gbps — avec caddy","SAS — 2,5"" — 600GB / 900GB HDD"
127,"DELL - 65w","Chargeur DELL"
81,"Hp Pavillion i5 7400 8gb ddr4 256gb SSD","PC BUREAU"
1572,"Dell 900GB — SAS 10K 12Gbps — avec caddy","SAS — 2,5"" — 600GB / 900GB HDD"
128,"DELL - 65w","Chargeur DELL"
129,"DELL - 65w","Chargeur DELL"
130,"DELL - 65w","Chargeur DELL"
1641,"Dell 300GB — SAS 15K — avec caddy","SAS — 2,5"" — 300GB / 146GB"
938,"Hp elitedisplay E22 G4 22p","ecran"
1440,"Hp Zbook Firefly 14g7 i7 10610u 16gb ddr4 256gb 71% 71 nvme71%","laptop"
1100,"Toshiba Satellite pro R50-C i3-6006 U 8go ddr4 256gb ssd 2.5''sata 15.6p","laptop"
153,"LENOVO - 45w","Chargeur LENOVO"
118,"HP - 150w","Chargeur HP"
233,"LENOVO - 150w","Chargeur LENOVO"
234,"LENOVO - 150w","Chargeur LENOVO"
235,"LENOVO - 150w","Chargeur LENOVO"
236,"LENOVO - 150w","Chargeur LENOVO"
237,"LENOVO - 150w","Chargeur LENOVO"
238,"LENOVO - 150w","Chargeur LENOVO"
239,"LENOVO - 150w","Chargeur LENOVO"
154,"LENOVO - 45w","Chargeur LENOVO"
155,"LENOVO - 45w","Chargeur LENOVO"
119,"DELL - 45w","Chargeur DELL"
120,"DELL - 45w","Chargeur DELL"
712,"i3 - 14 eme","INTEL"
713,"i3 - 14 eme","INTEL"
714,"i3 - 14 eme","INTEL"
715,"i3 - 14 eme","INTEL"
716,"i7 - 6700","INTEL"
76,"Dell Optiplex 5040 i7 6eme 8gb ddr4 256gb SSD","PC BUREAU"
65,"HP prodesk 400 g3 i3 6eme 8gb ddr4 240gb sata SSD","PC BUREAU SSF"
156,"LENOVO - 45w","Chargeur LENOVO"
157,"LENOVO - 45w","Chargeur LENOVO"
158,"LENOVO - 45w","Chargeur LENOVO"
159,"LENOVO - 45w","Chargeur LENOVO"
160,"LENOVO - 45w","Chargeur LENOVO"
905,"USB-C to C 5Gbps 100W 5A","Cable"
240,"65w","Adapter"
906,"USB-C to C 5Gbps 100W 5A","Cable"
148,"DELL - 130w / 135w","Chargeur DELL"
149,"DELL - 130w / 135w","Chargeur DELL"
121,"DELL - 45w","Chargeur DELL"
122,"DELL - 45w","Chargeur DELL"
123,"DELL - 45w","Chargeur DELL"
124,"DELL - 45w","Chargeur DELL"
131,"DELL - 65w","Chargeur DELL"
132,"DELL - 65w","Chargeur DELL"
1573,"Dell 900GB — SAS 10K 12Gbps — avec caddy","SAS — 2,5"" — 600GB / 900GB HDD"
1574,"Dell 900GB — SAS 10K 12Gbps — avec caddy","SAS — 2,5"" — 600GB / 900GB HDD"
1470,"Wavlink WL-UTD03 USB-C 4K Triple Display Docking Station","Station d'accueil"
1301,"Lenovo ThinkVision T22i-20","ecran"
1299,"Lenovo ThinkVision T24-40","ecran"
1538,"Dell Enterprise Plus 1.2TB — SAS 10K — 2,5""","SAS— 2,5"" — 1TB / 1,2TB HDD"
291,"SSD 4TB SanDisk NVME PCIe Gen4 x4","NVMe"
294,"SSD 4tb Sabrent Rocket Q4 PCIe Gen4","NVMe"
1642,"Dell 300GB — SAS 15K — avec caddy","SAS — 2,5"" — 300GB / 146GB"
1539,"Dell Enterprise Plus 1.2TB — SAS 10K — 2,5""","SAS— 2,5"" — 1TB / 1,2TB HDD"
1540,"Dell Enterprise Plus 1.2TB — SAS 10K — 2,5""","SAS— 2,5"" — 1TB / 1,2TB HDD"
283,"SAMSUNG 960gb","SATA"
284,"SAMSUNG 960gb","SATA"
285,"SAMSUNG 960gb","SATA"
692,"SSD 256gb","SATA"
693,"SSD 256gb","SATA"
694,"SSD 256gb","SATA"
695,"SSD 256gb","SATA"
696,"SSD 256gb","SATA"
697,"SSD 256gb","SATA"
698,"SSD 256gb","SATA"
699,"SSD 256gb","SATA"
663,"SSD 256gb","SATA"
664,"SSD 256gb","SATA"
665,"SSD 256gb","SATA"
666,"SSD 256gb","SATA"
667,"SSD 256gb","SATA"
668,"SSD 256gb","SATA"
669,"SSD 256gb","SATA"
670,"SSD 256gb","SATA"
265,"90w","Adapter"
266,"90w","Adapter"
671,"SSD 256gb","SATA"
898,"USB-C to C 5Gbps 100W 5A","Cable"
210,"LENOVO - 130w / 135 w","Chargeur LENOVO"
672,"SSD 256gb","SATA"
673,"SSD 256gb","SATA"
674,"SSD 256gb","SATA"
675,"SSD 256gb","SATA"
1105,"Acer Extensa 15 i3-1115 G4 16go ddr4 512gb ssd nvme 15.6p","laptop"
1098,"Dell Latitude 3410 i5-7300 U 8go ddr4 256gb ssd nvme 14p","laptop"
1099,"Dell Latitude E7270 i5-6300 U 8go ddr4 ssd 12.5p","laptop"
211,"LENOVO - 130w / 135 w","Chargeur LENOVO"
212,"LENOVO - 130w / 135 w","Chargeur LENOVO"
213,"LENOVO - 130w / 135 w","Chargeur LENOVO"
214,"LENOVO - 130w / 135 w","Chargeur LENOVO"
215,"LENOVO - 130w / 135 w","Chargeur LENOVO"
241,"65w","Adapter"
242,"65w","Adapter"
216,"LENOVO - 130w / 135 w","Chargeur LENOVO"
217,"LENOVO - 130w / 135 w","Chargeur LENOVO"
218,"LENOVO - 130w / 135 w","Chargeur LENOVO"
219,"LENOVO - 130w / 135 w","Chargeur LENOVO"
220,"LENOVO - 130w / 135 w","Chargeur LENOVO"
190,"LENOVO - 90w","Chargeur LENOVO"
191,"LENOVO - 90w","Chargeur LENOVO"
192,"LENOVO - 90w","Chargeur LENOVO"
193,"LENOVO - 90w","Chargeur LENOVO"
194,"LENOVO - 90w","Chargeur LENOVO"
195,"LENOVO - 90w","Chargeur LENOVO"
196,"LENOVO - 90w","Chargeur LENOVO"
197,"LENOVO - 90w","Chargeur LENOVO"
198,"LENOVO - 90w","Chargeur LENOVO"
199,"LENOVO - 90w","Chargeur LENOVO"
200,"LENOVO - 90w","Chargeur LENOVO"
1104,"Dell Latitude 3410 i5-10210 U 16go ddr4 512gb ssd nvme 14p","laptop"
290,"Kingston SSD 960GB","SATA"
292,"SSD 128GB NVMe","NVMe"
297,"SSD 128gb PCIe Gen3 LITE-ON","NVMe"
295,"SSD 128gb PCIe Gen3 SK Hynix","NVMe"
299,"SSD 128gb PCIe Gen3 Samsung","NVMe"
296,"SSD 128gb PCIe Gen3 Western Digital","NVMe"
298,"SSD 2TB PCIe Gen4 SK hynix","NVMe"
60,"Terra i3 8eme 16gb ddr4 240gb sata SSD","PC BUREAU"
104,"HP - 65w","Chargeur HP"
267,"90w","Adapter"
268,"90w","Adapter"
269,"90w","Adapter"
270,"90w","Adapter"
271,"90w","Adapter"
903,"USB-C to C 5Gbps 100W 5A","Cable"
904,"USB-C to C 5Gbps 100W 5A","Cable"
274,"Kingston SSD SATA 480GB","SATA"
275,"Kingston SSD SATA 480GB","SATA"
276,"Kingston SSD SATA 480GB","SATA"
277,"Kingston SSD SATA 480GB","SATA"
278,"Kingston SSD SATA 480GB","SATA"
279,"Kingston SSD SATA 480GB","SATA"
280,"Kingston SSD SATA 480GB","SATA"
286,"SAMSUNG 960gb","SATA"
287,"SAMSUNG 960gb","SATA"
288,"SAMSUNG 960gb","SATA"
676,"SSD 256gb","SATA"
677,"SSD 256gb","SATA"
289,"WDRED SSD SATA 1TB","SATA"
1472,"Seagate SkyHawk 1TB — 3,5""","SATA— 3,5"" HDD"
717,"P2000","CARTE GRAPHIQUE"
678,"SSD 256gb","SATA"
679,"SSD 256gb","SATA"
680,"SSD 256gb","SATA"
681,"SSD 256gb","SATA"
682,"SSD 256gb","SATA"
281,"SanDisk SSD SATA 500GB","SATA"
282,"SanDisk SSD SATA 500GB","SATA"
1473,"Seagate SkyHawk 1TB — 3,5""","SATA— 3,5"" HDD"
1200,"HDD SAS 2To-7.2K RPM-VERT 3.5","Stockage-Disque SAS"
1201,"HDD SAS 2To-7.2K RPM-VERT 3.5","Stockage-Disque SAS"
1202,"HDD SAS 2To-7.2K RPM-VERT 3.5","Stockage-Disque SAS"
1107,"Asus Zenbook UX461FA i5-8265 U 16go LPDDR3 512GB ssd nvme 14p","laptop"
1101,"Dell Vostro 14-5410 i5-11320H 16go ddr4 512gb ssd nvme pcle 14p","laptop"
1109,"HP Probook 455R G6  AMD Ryzen 5-3500 U 8go ddr4 256gb ssd nvme 15.6p","laptop"
1437,"Lenovo thinkbook 14 G3 Ryzen 5 5500U 16gb ddr4 512gb nvme battery 4h","laptop"
1157,"Dell EMC PowerEdge R440","serveurs rack"
718,"P2000","CARTE GRAPHIQUE"
116,"HP - 120w","Chargeur HP"
105,"HP - 65w","Chargeur HP"
106,"HP - 65w","Chargeur HP"
107,"HP - 65w","Chargeur HP"
108,"HP - 65w","Chargeur HP"
1643,"Dell 300GB — SAS 15K — avec caddy","SAS — 2,5"" — 300GB / 146GB"
1644,"Dell 300GB — SAS 15K — avec caddy","SAS — 2,5"" — 300GB / 146GB"
1645,"Dell 300GB — SAS 15K — avec caddy","SAS — 2,5"" — 300GB / 146GB"
1646,"Dell 300GB — SAS 15K — avec caddy","SAS — 2,5"" — 300GB / 146GB"
243,"65w","Adapter"
700,"SSD 256gb","SATA"
177,"LENOVO - 65w ( type C )","Chargeur LENOVO"
1650,"Dell 300GB — SAS 15K — avec caddy","SAS — 2,5"" — 300GB / 146GB"
1475,"Toshiba 1TB — 3,5""","SATA— 3,5"" HDD"
1476,"Toshiba 1TB — 3,5""","SATA— 3,5"" HDD"
1477,"Toshiba 1TB — 3,5""","SATA— 3,5"" HDD"
701,"SSD 256gb","SATA"
702,"SSD 256gb","SATA"
703,"SSD 256gb","SATA"
704,"SSD 256gb","SATA"
705,"SSD 256gb","SATA"
706,"SSD 256gb","SATA"
707,"SSD 256gb","SATA"
407,"i3 - 6100","INTEL"
424,"i3 - 6100","INTEL"
425,"i3 - 6100","INTEL"
396,"i3 - 6100","INTEL"
1192,"HP Z240-INTEL CORE i7","Station de travail"
1198,"Tour noir -carte mere M10 JNP 2SB, 16GO RAM, XEON E-2236","Station de travail"
1193,"Tours avec boitier Fractal Design","Station de travail"
708,"SSD 256gb","SATA"
709,"SSD 256gb","SATA"
684,"SSD 256gb","SATA"
683,"SSD 256gb","SATA"
1194,"Tours avec boitier Fractal Design","Station de travail"
1110,"Dell Vostro 3580 i5-8265 8go ddr4 256gb ssd nvme 15.6p","laptop"
1111,"Dell Vostro 3580 i5-8265 8go ddr4 256gb ssd nvme 15.6p","laptop"
1112,"Lenovo 14 G3 AMD Ryzen 5-5500n 8go ddr4 256gb ssd nvme pcle 14p","laptop"
1113,"Lenovo 14 G3 AMD Ryzen 5-5500n 8go ddr4 256gb ssd nvme pcle 14p","laptop"
1114,"Lenovo 14 G3 AMD Ryzen 5-5500n 8go ddr4 256gb ssd nvme pcle 14p","laptop"
1117,"Lenovo 14 G3 AMD Ryzen 5-5500n 8go ddr4 256gb ssd nvme pcle 14p","laptop"
1118,"Lenovo 14 G3 AMD Ryzen 5-5500n 8go ddr4 256gb ssd nvme pcle 14p","laptop"
1119,"Lenovo 14 G3 AMD Ryzen 5-5500n 8go ddr4 256gb ssd nvme pcle 14p","laptop"
1177,"Dell EMC PowerEdge T440","serveurs Tour"
1171,"HP PROLiant ML350 Gen9","serveurs Tour"
1172,"HP PROLiant ML350 Gen9","serveurs Tour"
1173,"HP PROLiant ML350 Gen9","serveurs Tour"
1651,"Dell 300GB — SAS 15K — avec caddy","SAS — 2,5"" — 300GB / 146GB"
394,"i3 - 7100T","INTEL"
395,"i5 - 6500","INTEL"
392,"i5 - 6500T","INTEL"
393,"i5 - 6500T","INTEL"
293,"SSD 512GB Western Digital","NVMe"
731,"P6000","CARTE GRAPHIQUE"
117,"HP - 120w","Chargeur HP"
733,"RTX 3080","CARTE GRAPHIQUE"
178,"LENOVO - 65w ( type C )","Chargeur LENOVO"
728,"P2200","CARTE GRAPHIQUE"
732,"P6000","CARTE GRAPHIQUE"
179,"LENOVO - 65w ( type C )","Chargeur LENOVO"
180,"LENOVO - 65w ( type C )","Chargeur LENOVO"
397,"i3 - 6100","INTEL"
398,"i3 - 6100","INTEL"
399,"i3 - 6100","INTEL"
400,"i3 - 6100","INTEL"
729,"GTX 1050 TI","CARTE GRAPHIQUE"
245,"65w","Adapter"
719,"P2000","CARTE GRAPHIQUE"
720,"P2000","CARTE GRAPHIQUE"
246,"65w","Adapter"
1478,"Seagate Barracuda 500GB — 3,5""","SATA— 3,5"" HDD"
1479,"Seagate Barracuda 500GB — 3,5""","SATA— 3,5"" HDD"
1480,"Seagate Barracuda 500GB — 3,5""","SATA— 3,5"" HDD"
1481,"Seagate Barracuda 500GB — 3,5""","SATA— 3,5"" HDD"
1509,"Seagate Barracuda 500GB — 3,5""","SATA— 3,5"" HDD"
1474,"Seagate SkyHawk 1TB — 3,5""","SATA— 3,5"" HDD"
1523,"WD Blue 500GB — 3,5""","SATA— 3,5"" HDD"
1524,"WD Blue 500GB — 3,5""","SATA— 3,5"" HDD"
1525,"WD Blue 500GB — 3,5""","SATA— 3,5"" HDD"
1081,"Lenovo thinkpad L13 G3 Ryzen 5-5675 U 8go ddr4 256gb ssd nvme 13.3p","laptop"
1146,"HPE PROLiant DL360 Gen10","serveurs rack"
439,"i3 - 8100","INTEL"
440,"i3 - 8100","INTEL"
441,"i3 - 8100","INTEL"
442,"i3 - 8100","INTEL"
446,"i3 - 8100T","INTEL"
447,"i3 - 8100T","INTEL"
443,"i3 - 9100","INTEL"
444,"i3 - 9100","INTEL"
445,"i5 - 6400T","INTEL"
1124,"HP PRODESK 400 G7 I3 10TH 256GB SSD 8GB RAM","PC BUREAU SSF"
1121,"HP PRODESK I3 7100 8GB RAM SANS DISQUE","PC BUREAU SSF"
111,"HP - 65w","Chargeur HP"
112,"HP - 65w","Chargeur HP"
113,"HP - 65w","Chargeur HP"
226,"LENOVO - 130w / 135 w","Chargeur LENOVO"
227,"LENOVO - 130w / 135 w","Chargeur LENOVO"
228,"LENOVO - 130w / 135 w","Chargeur LENOVO"
229,"LENOVO - 130w / 135 w","Chargeur LENOVO"
230,"LENOVO - 130w / 135 w","Chargeur LENOVO"
95,"HP - 45w","Chargeur HP"
96,"HP - 45w","Chargeur HP"
97,"HP - 45w","Chargeur HP"
114,"HP - 65w","Chargeur HP"
115,"HP - 65w","Chargeur HP"
135,"DELL - 65w","Chargeur DELL"
136,"DELL - 65w","Chargeur DELL"
137,"DELL - 65w","Chargeur DELL"
186,"LENOVO - 65w ( type C )","Chargeur LENOVO"
187,"LENOVO - 65w ( type C )","Chargeur LENOVO"
188,"LENOVO - 65w ( type C )","Chargeur LENOVO"
189,"LENOVO - 65w ( type C )","Chargeur LENOVO"
207,"LENOVO - 90w","Chargeur LENOVO"
426,"i3 - 6100","INTEL"
427,"i3 - 6100","INTEL"
428,"i3 - 6100","INTEL"
163,"LENOVO - 65w ( normal )","Chargeur LENOVO"
208,"LENOVO - 90w","Chargeur LENOVO"
209,"LENOVO - 90w","Chargeur LENOVO"
429,"i3 - 6100","INTEL"
430,"i3 - 6100","INTEL"
164,"LENOVO - 65w ( normal )","Chargeur LENOVO"
165,"LENOVO - 65w ( normal )","Chargeur LENOVO"
166,"LENOVO - 65w ( normal )","Chargeur LENOVO"
167,"LENOVO - 65w ( normal )","Chargeur LENOVO"
431,"i3 - 6100","INTEL"
432,"i3 - 6100","INTEL"
433,"i3 - 6100","INTEL"
150,"DELL - 130w / 135w","Chargeur DELL"
151,"DELL - 130w / 135w","Chargeur DELL"
152,"DELL - 130w / 135w","Chargeur DELL"
138,"DELL - 65w","Chargeur DELL"
139,"DELL - 65w","Chargeur DELL"
434,"i3 - 6100","INTEL"
657,"SSD 256gb","SATA"
658,"SSD 256gb","SATA"
659,"SSD 256gb","SATA"
660,"SSD 256gb","SATA"
661,"SSD 256gb","SATA"
662,"SSD 256gb","SATA"
1482,"Seagate Barracuda 500GB — 3,5""","SATA— 3,5"" HDD"
1483,"Seagate Barracuda 500GB — 3,5""","SATA— 3,5"" HDD"
1484,"Seagate Barracuda 500GB — 3,5""","SATA— 3,5"" HDD"
1485,"Seagate Barracuda 500GB — 3,5""","SATA— 3,5"" HDD"
1486,"Seagate Barracuda 500GB — 3,5""","SATA— 3,5"" HDD"
1487,"Seagate Barracuda 500GB — 3,5""","SATA— 3,5"" HDD"
1526,"WD Blue 500GB — 3,5""","SATA— 3,5"" HDD"
1923,"Samsung 4GB DDR4 (M378A5143EB1-CPB / PC4-2133P) - UDIMM","Samsung"
1924,"Samsung 4GB DDR4 (M378A5143EB1-CPB / PC4-2133P) - UDIMM","Samsung"
1925,"Samsung 4GB DDR4 (M378A5143EB1-CPB / PC4-2133P) - UDIMM","Samsung"
408,"i3 - 6100","INTEL"
409,"i3 - 6100","INTEL"
410,"i3 - 6100","INTEL"
411,"i3 - 6100","INTEL"
412,"i3 - 6100","INTEL"
413,"i3 - 6100","INTEL"
201,"LENOVO - 90w","Chargeur LENOVO"
202,"LENOVO - 90w","Chargeur LENOVO"
203,"LENOVO - 90w","Chargeur LENOVO"
204,"LENOVO - 90w","Chargeur LENOVO"
1926,"Samsung 4GB DDR4 (M378A5143EB1-CPB / PC4-2133P) - UDIMM","Samsung"
1461,"HP UltraSlim Docking Station","Station d'accueil"
1180,"Dell Precision 5820","Station de travail"
1181,"Dell Precision 5820","Station de travail"
1182,"Dell Precision 5820","Station de travail"
1183,"Dell Precision 5820","Station de travail"
1184,"Dell Precision 5820","Station de travail"
1185,"Dell Precision 5820","Station de travail"
1218,"HDD SAS 2To-7.2K RPM-VERT 3.5","Stockage-Disque SAS"
1219,"HDD SAS 2To-7.2K RPM-VERT 3.5","Stockage-Disque SAS"
1220,"HDD SAS 2To-7.2K RPM-VERT 3.5","Stockage-Disque SAS"
1080,"Lenovo ideapad 3 81W2 RYZEN 5-3500 U 8go ddr4 256gb ssd nvme 15.6p","laptop"
1178,"Dell EMC PowerEdge T430","serveurs Tour"
1176,"HP PROLiant ML10 V2","serveurs Tour"
1174,"HP PROLiant ML350 Gen10","serveurs Tour"
1125,"HP PRODESK 400 G4 I3 7100T 8GB RAM 256GB SSD","PC BUREAU SSF"
1122,"HP PRODESK 400 G6 I3 9TH 8GB RAM 256GB SSD","PC BUREAU SSF"
1123,"Hp pro 290 G9 i3-12100 8gb Ram sans disque","PC BUREAU SSF"
222,"LENOVO - 130w / 135 w","Chargeur LENOVO"
223,"LENOVO - 130w / 135 w","Chargeur LENOVO"
224,"LENOVO - 130w / 135 w","Chargeur LENOVO"
1488,"Seagate Barracuda 500GB — 3,5""","SATA— 3,5"" HDD"
1489,"Seagate Barracuda 500GB — 3,5""","SATA— 3,5"" HDD"
1688,"HPE 300GB — SAS 15K — sans caddy","SAS — 2,5"" — 300GB / 146GB"
1490,"Seagate Barracuda 500GB — 3,5""","SATA— 3,5"" HDD"
1491,"Seagate Barracuda 500GB — 3,5""","SATA— 3,5"" HDD"
1492,"Seagate Barracuda 500GB — 3,5""","SATA— 3,5"" HDD"
1493,"Seagate Barracuda 500GB — 3,5""","SATA— 3,5"" HDD"
1494,"Seagate Barracuda 500GB — 3,5""","SATA— 3,5"" HDD"
1495,"Seagate Barracuda 500GB — 3,5""","SATA— 3,5"" HDD"
1496,"Seagate Barracuda 500GB — 3,5""","SATA— 3,5"" HDD"
1497,"Seagate Barracuda 500GB — 3,5""","SATA— 3,5"" HDD"
1498,"Seagate Barracuda 500GB — 3,5""","SATA— 3,5"" HDD"
1499,"Seagate Barracuda 500GB — 3,5""","SATA— 3,5"" HDD"
1500,"Seagate Barracuda 500GB — 3,5""","SATA— 3,5"" HDD"
1501,"Seagate Barracuda 500GB — 3,5""","SATA— 3,5"" HDD"
1502,"Seagate Barracuda 500GB — 3,5""","SATA— 3,5"" HDD"
1503,"Seagate Barracuda 500GB — 3,5""","SATA— 3,5"" HDD"
1504,"Seagate Barracuda 500GB — 3,5""","SATA— 3,5"" HDD"
1505,"Seagate Barracuda 500GB — 3,5""","SATA— 3,5"" HDD"
1506,"Seagate Barracuda 500GB — 3,5""","SATA— 3,5"" HDD"
1507,"Seagate Barracuda 500GB — 3,5""","SATA— 3,5"" HDD"
1508,"Seagate Barracuda 500GB — 3,5""","SATA— 3,5"" HDD"
1701,"Dell Enterprise Plus 1.92TB — SAS — 2,5""","SAS / NVMe — 2,5"" SSD"
1702,"Dell Enterprise Plus 1.92TB — SAS — 2,5""","SAS / NVMe — 2,5"" SSD"
1703,"Dell Enterprise Plus 1.92TB — SAS — 2,5""","SAS / NVMe — 2,5"" SSD"
1704,"Dell Enterprise Plus 1.92TB — SAS — 2,5""","SAS / NVMe — 2,5"" SSD"
1705,"Dell Enterprise Plus 1.92TB — SAS — 2,5""","SAS / NVMe — 2,5"" SSD"
1706,"Dell Enterprise Plus 1.92TB — SAS — 2,5""","SAS / NVMe — 2,5"" SSD"
1707,"Dell Enterprise Plus 1.92TB — SAS — 2,5""","SAS / NVMe — 2,5"" SSD"
1708,"Dell Enterprise Plus 1.92TB — SAS — 2,5""","SAS / NVMe — 2,5"" SSD"
1709,"Dell Enterprise Plus 1.92TB — SAS — 2,5""","SAS / NVMe — 2,5"" SSD"
1710,"Dell Enterprise Plus 1.92TB — SAS — 2,5""","SAS / NVMe — 2,5"" SSD"
1697,"Dell 146GB — SAS 15K — avec caddy","SAS — 2,5"" — 300GB / 146GB"
1698,"Dell 146GB — SAS 15K — avec caddy","SAS — 2,5"" — 300GB / 146GB"
1699,"Dell 146GB — SAS 15K — avec caddy","SAS — 2,5"" — 300GB / 146GB"
1652,"Dell 300GB — SAS 15K — avec caddy","SAS — 2,5"" — 300GB / 146GB"
1653,"Dell 300GB — SAS 15K — avec caddy","SAS — 2,5"" — 300GB / 146GB"
1578,"Dell 600GB — SAS 10K — avec caddy","SAS — 2,5"" — 600GB / 900GB HDD"
1534,"Dell Enterprise Plus 1.2TB — SAS 10K — 2,5""","SAS— 2,5"" — 1TB / 1,2TB HDD"
1535,"Dell Enterprise Plus 1.2TB — SAS 10K — 2,5""","SAS— 2,5"" — 1TB / 1,2TB HDD"
1536,"Dell Enterprise Plus 1.2TB — SAS 10K — 2,5""","SAS— 2,5"" — 1TB / 1,2TB HDD"
1537,"Dell Enterprise Plus 1.2TB — SAS 10K — 2,5""","SAS— 2,5"" — 1TB / 1,2TB HDD"
1510,"Seagate Desktop HDD 500GB — 3,5""","SATA— 3,5"" HDD"
1511,"Seagate Desktop HDD 500GB — 3,5""","SATA— 3,5"" HDD"
1512,"Seagate Desktop HDD 500GB — 3,5""","SATA— 3,5"" HDD"
1513,"Seagate Desktop HDD 500GB — 3,5""","SATA— 3,5"" HDD"
1514,"WD Blue 500GB — 3,5""","SATA— 3,5"" HDD"
1515,"WD Blue 500GB — 3,5""","SATA— 3,5"" HDD"
1516,"WD Blue 500GB — 3,5""","SATA— 3,5"" HDD"
1517,"WD Blue 500GB — 3,5""","SATA— 3,5"" HDD"
1518,"WD Blue 500GB — 3,5""","SATA— 3,5"" HDD"
1519,"WD Blue 500GB — 3,5""","SATA— 3,5"" HDD"
1520,"WD Blue 500GB — 3,5""","SATA— 3,5"" HDD"
1521,"WD Blue 500GB — 3,5""","SATA— 3,5"" HDD"
1522,"WD Blue 500GB — 3,5""","SATA— 3,5"" HDD"
1274,"Caddy/emplacement SAS 300GO -15K RPM vide","Stockage-Disque SAS"
1272,"HDD SAS 146GO -15K RPM 3.5","Stockage-Disque SAS"
1273,"HDD SAS 146GO -15K RPM 3.5","Stockage-Disque SAS"
1263,"HDD SAS 1To- Seagate Exos 7E8 3.5","Stockage-Disque SAS"
1264,"HDD SAS 1To- Seagate Exos 7E8 3.5","Stockage-Disque SAS"
1297,"HPE P9Q37A G2 Basic PDU","PDU & ACCESSOIRES RACK"
1265,"HDD SAS 1To- Seagate Exos 7E8 3.5","Stockage-Disque SAS"
1266,"HDD SAS 1To- Seagate Exos 7E8 3.5","Stockage-Disque SAS"
1267,"HDD SAS 1To- Seagate Exos 7E8 3.5","Stockage-Disque SAS"
1268,"HDD SAS 1To- Seagate Exos 7E8 3.5","Stockage-Disque SAS"
1269,"HDD SAS 1To- Seagate Exos 7E8 3.5","Stockage-Disque SAS"
1270,"HDD SAS 1To- Seagate Exos 7E8 3.5","Stockage-Disque SAS"
1278,"Beemo 4-Bay NAS / Backup Unit","NAS, DAS & SAUVEGARDE"
1282,"Boitier de sauvegarde Rex-Backup -Fireproof/ Waterproof, avec boite QNAP","NAS, DAS & SAUVEGARDE"
1281,"Dell PowerVault MD3420 DAS","NAS, DAS & SAUVEGARDE"
1276,"NAS Buffalo TeraStaion -format rack","NAS, DAS & SAUVEGARDE"
1280,"NETGEAR ReadyNAS 2100 NAS","NAS, DAS & SAUVEGARDE"
1279,"QNAP TS-453A NAS","NAS, DAS & SAUVEGARDE"
1275,"Serveuur NAS Terra- Format tour","NAS, DAS & SAUVEGARDE"
1277,"Synology DiskStation DS1512+NAS","NAS, DAS & SAUVEGARDE"
1298,"HPE 729871-001 -2U Cable MANAGEMENT Arm kit","PDU & ACCESSOIRES RACK"
1287,"Cisco  WS-C2960X -24PS-L Switch","RESEAU-SWITCHES"
1289,"Cisco  WS-C2960X -48PS-L Switch","RESEAU-SWITCHES"
1290,"Cisco SG350-28MP-K9-EU Switch","RESEAU-SWITCHES"
1291,"Cisco SG350-28MP-K9-EU Switch","RESEAU-SWITCHES"
1294,"HP JE006A-V1910-24G Switch","RESEAU-SWITCHES"
1293,"HPE J9855A-2530-48G-PoE+ Switch","RESEAU-SWITCHES"
1295,"NETGEAR GS752TPP-100EUS Switch","RESEAU-SWITCHES"
1296,"NETGEAR GS752TPP-100EUS Switch","RESEAU-SWITCHES"
1283,"ZYXEL Ethernet Switch - En boite","RESEAU-SWITCHES"
1284,"ZYXEL Ethernet Switch - En boite","RESEAU-SWITCHES"
1271,"HDD SAS 1To- Seagate Exos 7E8 3.5","Stockage-Disque SAS"
1658,"HPE 300GB — SAS 10K — avec caddy","SAS — 2,5"" — 300GB / 146GB"
1659,"HPE 300GB — SAS 10K — avec caddy","SAS — 2,5"" — 300GB / 146GB"
1660,"HPE 300GB — SAS 10K — avec caddy","SAS — 2,5"" — 300GB / 146GB"
1661,"HPE 300GB — SAS 10K — avec caddy","SAS — 2,5"" — 300GB / 146GB"
1662,"HPE 300GB — SAS 10K — avec caddy","SAS — 2,5"" — 300GB / 146GB"
1663,"HPE 300GB — SAS 10K — avec caddy","SAS — 2,5"" — 300GB / 146GB"
1587,"Dell 600GB — SAS 15K 12Gbps — avec adaptateur 3,5""","SAS — 2,5"" — 600GB / 900GB HDD"
1588,"Dell 600GB — SAS 15K 12Gbps — avec adaptateur 3,5""","SAS — 2,5"" — 600GB / 900GB HDD"
1589,"Dell 600GB — SAS 15K 12Gbps — avec adaptateur 3,5""","SAS — 2,5"" — 600GB / 900GB HDD"
1590,"Dell 600GB — SAS 15K 12Gbps — avec adaptateur 3,5""","SAS — 2,5"" — 600GB / 900GB HDD"
1609,"HPE 600GB — SAS 10K — avec caddy","SAS — 2,5"" — 600GB / 900GB HDD"
1610,"HPE 600GB — SAS 10K — avec caddy","SAS — 2,5"" — 600GB / 900GB HDD"
1654,"Dell 300GB — SAS 10K — sans caddy","SAS — 2,5"" — 300GB / 146GB"
1655,"Dell 300GB — SAS 10K — sans caddy","SAS — 2,5"" — 300GB / 146GB"
1656,"Dell 300GB — SAS 10K — sans caddy","SAS — 2,5"" — 300GB / 146GB"
1657,"Dell 300GB — SAS 10K — sans caddy","SAS — 2,5"" — 300GB / 146GB"
1611,"HPE 600GB — SAS 10K — avec caddy","SAS — 2,5"" — 600GB / 900GB HDD"
1612,"HPE 600GB — SAS 10K — avec caddy","SAS — 2,5"" — 600GB / 900GB HDD"
1613,"HPE 600GB — SAS 10K — avec caddy","SAS — 2,5"" — 600GB / 900GB HDD"
1614,"HPE 600GB — SAS 10K — avec caddy","SAS — 2,5"" — 600GB / 900GB HDD"
1615,"HPE 600GB — SAS 10K — avec caddy","SAS — 2,5"" — 600GB / 900GB HDD"
1303,"Blocs d'alimentation (PSU) serveur 800W","COMPOSANTS"
1304,"Blocs d'alimentation (PSU) serveur 800W","COMPOSANTS"
1311,"Blocs/modules de ventilation complets pour serveur Lot de ventilateurs SUNON - Modèle PF92381BX-D110-Q99-- et Nidec UltraFlo  Lot de dissipateurs thermiques (Heatsinks) pour processeurs Lot de cages et fonds de panier (Backplanes) SAS/SATA pour disques durs  Divers: pâte thermique, supports de montage CPU et caddies pour disques durs  RÉCAPITULATIF COMPLET","COMPOSANTS"
1711,"Dell Enterprise Plus 1.92TB — SAS — PX05SRB192Y — 2,5""","SAS / NVMe — 2,5"" SSD"
1712,"HPE 3.84TB — SAS — 2,5""","SAS / NVMe — 2,5"" SSD"
1713,"HPE 3.84TB — SAS — 2,5""","SAS / NVMe — 2,5"" SSD"
1718,"IBM Storage 3.2TB — SAS — 2,5""","SAS / NVMe — 2,5"" SSD"
1616,"HPE 600GB — SAS 15K — avec caddy","SAS — 2,5"" — 600GB / 900GB HDD"
1617,"HPE 600GB — SAS 15K — avec caddy","SAS — 2,5"" — 600GB / 900GB HDD"
1618,"HPE 600GB — SAS 15K — avec caddy","SAS — 2,5"" — 600GB / 900GB HDD"
1532,"Toshiba 500GB — 3,5""","SATA— 3,5"" HDD"
1533,"Toshiba 500GB — 3,5""","SATA— 3,5"" HDD"
1527,"Western Digital WD RE3 500GB — 3,5""","SATA— 3,5"" HDD"
1528,"Western Digital WD RE3 500GB — 3,5""","SATA— 3,5"" HDD"
1529,"Western Digital WD RE3 500GB — 3,5""","SATA— 3,5"" HDD"
1530,"Western Digital WD RE3 500GB — 3,5""","SATA— 3,5"" HDD"
1531,"Western Digital WD RE3 500GB — 3,5""","SATA— 3,5"" HDD"
1186,"Dell Precision 5820","Station de travail"
1187,"Dell Precision 5820","Station de travail"
1188,"Dell Precision 5820","Station de travail"
1189,"Dell Precision 5820","Station de travail"
1190,"Dell Precision 5820","Station de travail"
1199,"HP t540 Thin Client -Windows 10","Station de travail"
1302,"Lenovo ThinkVision T22i-20","ecran"
941,"Workstation Pro - Xeon 4214 & RTX 2080 Ti - 32Go RAM - 1Tb nvme gen 4","Station de travail"
1336,"Canon imageRUNNER ADVANCE 525i","Imprimante"
1242,"HDD SAS 2To-7.2K RPM-BLEU-Seagate Enterpise Capacity 3.5v5","Stockage-Disque SAS"
1243,"HDD SAS 2To-7.2K RPM-BLEU-Seagate Enterpise Capacity 3.5v5","Stockage-Disque SAS"
1233,"HDD SAS 2To-7.2K RPM-VIOLET 3.5","Stockage-Disque SAS"
1234,"HDD SAS 2To-7.2K RPM-VIOLET 3.5","Stockage-Disque SAS"
1235,"HDD SAS 2To-7.2K RPM-VIOLET 3.5","Stockage-Disque SAS"
1236,"HDD SAS 2To-7.2K RPM-VIOLET 3.5","Stockage-Disque SAS"
1237,"HDD SAS 2To-7.2K RPM-VIOLET 3.5","Stockage-Disque SAS"
1238,"HDD SAS 2To-7.2K RPM-VIOLET 3.5","Stockage-Disque SAS"
1239,"HDD SAS 2To-7.2K RPM-VIOLET 3.5","Stockage-Disque SAS"
1240,"HDD SAS 2To-7.2K RPM-VIOLET 3.5","Stockage-Disque SAS"
1241,"HDD SAS 2To-7.2K RPM-VIOLET 3.5","Stockage-Disque SAS"
1224,"HDD SAS 4To-7.2K RPM-VIOLET 3.5","Stockage-Disque SAS"
1225,"HDD SAS 4To-7.2K RPM-VIOLET 3.5","Stockage-Disque SAS"
1226,"HDD SAS 4To-7.2K RPM-VIOLET 3.5","Stockage-Disque SAS"
1227,"HDD SAS 4To-7.2K RPM-VIOLET 3.5","Stockage-Disque SAS"
1228,"HDD SAS 4To-7.2K RPM-VIOLET 3.5","Stockage-Disque SAS"
1229,"HDD SAS 4To-7.2K RPM-VIOLET 3.5","Stockage-Disque SAS"
1230,"HDD SAS 4To-7.2K RPM-VIOLET 3.5","Stockage-Disque SAS"
1231,"HDD SAS 4To-7.2K RPM-VIOLET 3.5","Stockage-Disque SAS"
1232,"HDD SAS 4To-7.2K RPM-VIOLET 3.5","Stockage-Disque SAS"
1352,"Dell EMC T440 Silver 4110","serveurs Tour"
1342,"Hewlett Packard Enterprise ML 350 G9 Xeon E5-2620 32GB RAM 2x300GB SAS RAID P440 AR","serveurs Tour"
1343,"Hewlett Packard Enterprise ML 350 G9 Xeon E5-2620 32GB RAM 2x300GB SAS RAID P440 AR","serveurs Tour"
1344,"Hewlett Packard Enterprise ML 350 G9 Xeon E5-2620 32GB RAM 2x300GB SAS RAID P440 AR","serveurs Tour"
1345,"Hewlett Packard Enterprise ML 350 G9 Xeon E5-2620 32GB RAM 2x300GB SAS RAID P440 AR","serveurs Tour"
1346,"Hewlett Packard Enterprise ML 350 G9 Xeon E5-2620 32GB RAM 2x300GB SAS RAID P440 AR","serveurs Tour"
1333,"Canon imageRUNNER C1325iF","Imprimante"
1315,"PORT Connect Slim Wireless Keyboard","CLAVIERS & PÉRIPHÉRIQUES"
1334,"Canon imageRUNNER C1325iF","Imprimante"
1327,"HP Color LaserJet Pro MFP M477fdn","Imprimante"
1328,"HP Color LaserJet Pro MFP M477fdn","Imprimante"
1329,"HP Color LaserJet Pro MFP M477fdn","Imprimante"
1330,"HP Color LaserJet Pro MFP M477fdn","Imprimante"
1317,"HP LaserJet Enterprise M507x - Monochrome Laser Printer","Imprimante"
1319,"HP LaserJet Managed E60155","Imprimante"
1337,"HP LaserJet Managed MFP E52645","Imprimante"
1338,"HP LaserJet Managed MFP E52645","Imprimante"
1339,"HP LaserJet Managed MFP E52645","Imprimante"
1340,"HP LaserJet Managed MFP E52645","Imprimante"
1341,"HP LaserJet Managed MFP E52645","Imprimante"
1320,"HP LaserJet Pro 400 M401a","Imprimante"
1321,"HP LaserJet Pro 400 M401a","Imprimante"
1324,"HP LaserJet Pro M501","Imprimante"
1325,"HP LaserJet Pro M501","Imprimante"
1326,"HP LaserJet Pro M501","Imprimante"
1318,"Konica Minolta TA 4700","Imprimante"
1322,"Lexmark B2442dw","Imprimante"
1323,"Lexmark B2442dw","Imprimante"
1316,"Toshiba B-EX4D2-GS12-QM-R - Barcode Printer","Imprimante"
1362,"sans Caddy","serveurs rack"
1363,"sans Caddy","serveurs rack"
1364,"sans Caddy","serveurs rack"
1576,"FUJITSU 147gb 10k rpm 2.5"" avec adaptateur 3.5""","SAS — 2,5"" — 600GB / 900GB HDD"
1621,"HPE 600GB — SAS 15K — avec adaptateur 3,5""","SAS — 2,5"" — 600GB / 900GB HDD"
1622,"HPE 600GB — SAS 15K — avec adaptateur 3,5""","SAS — 2,5"" — 600GB / 900GB HDD"
1544,"Dell Enterprise Capacity 1TB — SAS — 2,5""","SAS— 2,5"" — 1TB / 1,2TB HDD"
1545,"Dell Enterprise Capacity 1TB — SAS — 2,5""","SAS— 2,5"" — 1TB / 1,2TB HDD"
1541,"Dell Enterprise Class 1.2TB — SAS 10K — 2,5""","SAS— 2,5"" — 1TB / 1,2TB HDD"
1542,"Dell Enterprise Class 1.2TB — SAS 10K — 2,5""","SAS— 2,5"" — 1TB / 1,2TB HDD"
1372,"2ème emplacement CPU HS","serveurs rack"
1543,"Dell Enterprise Class 1.2TB — SAS 10K — 2,5""","SAS— 2,5"" — 1TB / 1,2TB HDD"
1244,"HDD SAS 2To-7.2K RPM-BLEU-Seagate Enterpise Capacity 3.5v5","Stockage-Disque SAS"
1203,"HDD SAS 2To-7.2K RPM-VERT 3.5","Stockage-Disque SAS"
1353,"Dell EMC T430","serveurs Tour"
1354,"HP ML350 G9","serveurs Tour"
1355,"HP ML350 G9","serveurs Tour"
1356,"HP ML350 G9","serveurs Tour"
1347,"Hewlett Packard Enterprise ML 350 G9 Xeon E5-2620 32GB RAM 2x300GB SAS RAID P440 AR","serveurs Tour"
1348,"Hewlett Packard Enterprise ML 350 G9 Xeon E5-2620 32GB RAM 2x300GB SAS RAID P440 AR","serveurs Tour"
1349,"Hewlett Packard Enterprise ML 350 G9 Xeon E5-2620 32GB RAM 2x300GB SAS RAID P440 AR","serveurs Tour"
1350,"Hewlett Packard Enterprise ML 350 G9 Xeon E5-2620 32GB RAM 2x300GB SAS RAID P440 AR","serveurs Tour"
1384,"Dell EMC PowerEdge R440","serveurs rack"
1382,"Dell PowerEdge R430","serveurs rack"
1376,"Dell PowerEdge R630","serveurs rack"
1377,"Dell PowerEdge R630","serveurs rack"
1378,"Dell PowerEdge R630","serveurs rack"
1379,"Dell PowerEdge R630","serveurs rack"
1735,"HPE 500W Flex Slot Platinum Option : 720478-B21 Spare : 754377-001 Modèle : HSTNS-PL40","HPE / HP(ALIMENTATIONS SERVEUR)"
868,"USB-C to C 5Gbps 100W 5A","Cable"
1736,"HPE 500W Flex Slot Platinum Option : 720478-B21 Spare : 754377-001 Modèle : HSTNS-PL40","HPE / HP(ALIMENTATIONS SERVEUR)"
1737,"HPE 500W Flex Slot Platinum Option : 720478-B21 Spare : 754377-001 Modèle : HSTNS-PL40","HPE / HP(ALIMENTATIONS SERVEUR)"
1738,"HPE 800W Flex Slot Platinum Option : 865414-B21 Spare : 866730-001","HPE / HP(ALIMENTATIONS SERVEUR)"
1739,"HPE 800W Flex Slot Platinum Option : 865414-B21 Spare : 866730-001","HPE / HP(ALIMENTATIONS SERVEUR)"
1740,"HPE 800W Flex Slot Platinum Option : 865414-B21 Spare : 866730-001","HPE / HP(ALIMENTATIONS SERVEUR)"
1741,"HPE 800W Flex Slot Platinum Option : 865414-B21 Spare : 866730-001","HPE / HP(ALIMENTATIONS SERVEUR)"
1742,"HPE 800W Flex Slot Platinum Option : 865414-B21 Spare : 866730-001","HPE / HP(ALIMENTATIONS SERVEUR)"
1714,"HPE 400GB — SAS — 2,5""","SAS / NVMe — 2,5"" SSD"
1715,"Intel D7-P5520 1.92TB — NVMe/PCIe — 2,5""","SAS / NVMe — 2,5"" SSD"
1716,"Kioxia 24G 15.36TB — SAS — 2,5""","SAS / NVMe — 2,5"" SSD"
1717,"Kioxia 24G 15.36TB — SAS — 2,5""","SAS / NVMe — 2,5"" SSD"
1380,"Dell PowerEdge R630","serveurs rack"
1381,"Dell PowerEdge R630","serveurs rack"
1357,"Fujitsu Primergy RX2540 M2 Xeon E5-2630 32GB RAM","serveurs rack"
1358,"Fujitsu Primergy RX2540 M2 Xeon E5-2630 32GB RAM","serveurs rack"
1359,"Fujitsu Primergy RX2540 M2 Xeon E5-2630 32GB RAM","serveurs rack"
1373,"HP ProLiant DL325 G10 AMD EPYC 7302P 32GB RAM 2x300GB SAS RAID P408i","serveurs rack"
1374,"HP ProLiant DL325 G10 AMD EPYC 7302P 32GB RAM 2x300GB SAS RAID P408i","serveurs rack"
1360,"sans RAID + 1 avec RAID","serveurs rack"
1361,"sans RAID + 1 avec RAID","serveurs rack"
1546,"Dell 900GB — SAS 10K 12Gbps — avec caddy","SAS — 2,5"" — 600GB / 900GB HDD"
1547,"Dell 900GB — SAS 10K 12Gbps — avec caddy","SAS — 2,5"" — 600GB / 900GB HDD"
1548,"Dell 900GB — SAS 10K 12Gbps — avec caddy","SAS — 2,5"" — 600GB / 900GB HDD"
1549,"Dell 900GB — SAS 10K 12Gbps — avec caddy","SAS — 2,5"" — 600GB / 900GB HDD"
1204,"HDD SAS 2To-7.2K RPM-VERT 3.5","Stockage-Disque SAS"
1205,"HDD SAS 2To-7.2K RPM-VERT 3.5","Stockage-Disque SAS"
1206,"HDD SAS 2To-7.2K RPM-VERT 3.5","Stockage-Disque SAS"
1207,"HDD SAS 2To-7.2K RPM-VERT 3.5","Stockage-Disque SAS"
1208,"HDD SAS 2To-7.2K RPM-VERT 3.5","Stockage-Disque SAS"
1209,"HDD SAS 2To-7.2K RPM-VERT 3.5","Stockage-Disque SAS"
1210,"HDD SAS 2To-7.2K RPM-VERT 3.5","Stockage-Disque SAS"
1211,"HDD SAS 2To-7.2K RPM-VERT 3.5","Stockage-Disque SAS"
1212,"HDD SAS 2To-7.2K RPM-VERT 3.5","Stockage-Disque SAS"
1213,"HDD SAS 2To-7.2K RPM-VERT 3.5","Stockage-Disque SAS"
1214,"HDD SAS 2To-7.2K RPM-VERT 3.5","Stockage-Disque SAS"
1385,"HDD SAS Dell 1 Tb rpm 7.2k","Stockage-Disque SAS"
1386,"HDD SAS Dell 1 Tb rpm 7.2k","Stockage-Disque SAS"
1387,"HDD SAS Dell 1 Tb rpm 7.2k","Stockage-Disque SAS"
1383,"Dell PowerEdge 2950 (2x 146GB SAS 15K, 2x 300gb SAS 15K)","serveurs rack"
1130,"HPE  PROLiant DL360 Gen9","serveurs rack"
1375,"Lenovo ThinkSystem SR530 2x Xeon Silver 4208 64GB RAM 3x1.2TB SAS RAID 530-8i","serveurs rack"
1388,"HDD SAS Dell 1 Tb rpm 7.2k","Stockage-Disque SAS"
1300,"Dell 27 s2725HS-Boite","ecran"
1391,"DELL VOSTRO I5 11320H 16gb ram 14""","laptop"
1393,"Hp elite book 830 g7 i7 10510u","laptop"
1390,"LENOVO THINKPAD T14 G1 I7 1051U 16GB RAM 500GB NVME 4H BATTERY","laptop"
1115,"Lenovo 14 G3 AMD Ryzen 5-5500n 8go ddr4 256gb ssd nvme pcle 14p","laptop"
1116,"Lenovo 14 G3 AMD Ryzen 5-5500n 8go ddr4 256gb ssd nvme pcle 14p","laptop"
1036,"Lenovo thinkpad x280 i5-8350 U 8go ddr4 256gb ssd nvme 12.5''FHD","laptop"
1037,"Lenovo thinkpad x280 i5-8350 U 8go ddr4 256gb ssd nvme 12.5''FHD","laptop"
1038,"Lenovo thinkpad x280 i5-8350 U 8go ddr4 256gb ssd nvme 12.5''FHD","laptop"
1017,"Lenovo thinkpad x390 i5-8265 U 8gb ddr4 256gb ssd nvme 13.3''FHD","laptop"
1018,"Lenovo thinkpad x390 i5-8265 U 8gb ddr4 256gb ssd nvme 13.3''FHD","laptop"
1019,"Lenovo thinkpad x390 i5-8265 U 8gb ddr4 256gb ssd nvme 13.3''FHD","laptop"
1168,"HPE PROLiant ML350 Gen9","serveurs Tour"
1169,"HPE PROLiant ML350 Gen9","serveurs Tour"
1170,"HPE PROLiant ML350 Gen9","serveurs Tour"
1120,"Hp prodesk 400 G4 i3 8100 8gb 240gb SSD","PC BUREAU SSF"
1395,"Intel Xeon E5-2620 v3","Processeurs (CPU)"
1396,"Intel Xeon E5-2620 v3","Processeurs (CPU)"
1397,"Intel Xeon E5-2620 v3","Processeurs (CPU)"
1398,"Intel Xeon E5-2620 v3","Processeurs (CPU)"
1399,"Intel Xeon E5-2620 v3","Processeurs (CPU)"
1400,"Intel Xeon E5-2620 v3","Processeurs (CPU)"
1401,"Intel Xeon E5-2620 v3","Processeurs (CPU)"
1402,"Intel Xeon E5-2620 v3","Processeurs (CPU)"
1403,"Intel Xeon E5-2620 v4","Processeurs (CPU)"
1404,"Intel Xeon E5-2620 v4","Processeurs (CPU)"
1550,"Dell 900GB — SAS 10K 12Gbps — avec caddy","SAS — 2,5"" — 600GB / 900GB HDD"
1551,"Dell 900GB — SAS 10K 12Gbps — avec caddy","SAS — 2,5"" — 600GB / 900GB HDD"
1552,"Dell 900GB — SAS 10K 12Gbps — avec caddy","SAS — 2,5"" — 600GB / 900GB HDD"
1553,"Dell 900GB — SAS 10K 12Gbps — avec caddy","SAS — 2,5"" — 600GB / 900GB HDD"
1554,"Dell 900GB — SAS 10K 12Gbps — avec caddy","SAS — 2,5"" — 600GB / 900GB HDD"
1555,"Dell 900GB — SAS 10K 12Gbps — avec caddy","SAS — 2,5"" — 600GB / 900GB HDD"
1556,"Dell 900GB — SAS 10K 12Gbps — avec caddy","SAS — 2,5"" — 600GB / 900GB HDD"
1575,"HP 1tb 7200rpm SAS 2.5"" avec adaptateur 3.5""","SAS — 2,5"" — 600GB / 900GB HDD"
1215,"HDD SAS 2To-7.2K RPM-VERT 3.5","Stockage-Disque SAS"
1216,"HDD SAS 2To-7.2K RPM-VERT 3.5","Stockage-Disque SAS"
1217,"HDD SAS 2To-7.2K RPM-VERT 3.5","Stockage-Disque SAS"
1222,"HDD SAS 4To-7.2K RPM-VIOLET 3.5","Stockage-Disque SAS"
1223,"HDD SAS 4To-7.2K RPM-VIOLET 3.5","Stockage-Disque SAS"
1090,"Dell Latitude E 7250 i5-5300 U DDR3L ssd mSATA (probleme touchpad)","laptop"
1072,"Lenovo thinkbook 14 G2 I7-1165 G7 16go ddr4 512gb ssd nvme pcle 14p","laptop"
36,"Lenovo thinkpad x280 i5 8350U 8gb ddr4 128gb nvme fhd 13p battery 92%","laptop"
1047,"Lenovo thinkpad x280 i5-8350 U 8go ddr4 256gb ssd nvme 12.5''FHD","laptop"
1591,"HPE 600GB — SAS 10K — sans caddy","SAS — 2,5"" — 600GB / 900GB HDD"
1592,"HPE 600GB — SAS 10K — sans caddy","SAS — 2,5"" — 600GB / 900GB HDD"
1593,"HPE 600GB — SAS 10K — sans caddy","SAS — 2,5"" — 600GB / 900GB HDD"
1594,"HPE 600GB — SAS 10K — sans caddy","SAS — 2,5"" — 600GB / 900GB HDD"
1595,"HPE 600GB — SAS 10K — sans caddy","SAS — 2,5"" — 600GB / 900GB HDD"
1596,"HPE 600GB — SAS 10K — sans caddy","SAS — 2,5"" — 600GB / 900GB HDD"
1597,"HPE 600GB — SAS 10K — sans caddy","SAS — 2,5"" — 600GB / 900GB HDD"
1598,"HPE 600GB — SAS 10K — sans caddy","SAS — 2,5"" — 600GB / 900GB HDD"
1599,"HPE 600GB — SAS 10K — sans caddy","SAS — 2,5"" — 600GB / 900GB HDD"
1600,"HPE 600GB — SAS 10K — sans caddy","SAS — 2,5"" — 600GB / 900GB HDD"
1039,"Lenovo thinkpad x280 i5-8350 U 8go ddr4 256gb ssd nvme 12.5''FHD","laptop"
247,"65w","Adapter"
1412,"HP 295 G8 Microtower Ryzen 5 5600g 16gb ddr4 512 gb nvme 1050 ti","PC BUREAU"
1411,"Dell Optiplex 7070 i7 9700 16gb ram ddr4 256gb sata","PC BUREAU SSF"
1040,"Lenovo thinkpad x280 i5-8350 U 8go ddr4 256gb ssd nvme 12.5''FHD","laptop"
1041,"Lenovo thinkpad x280 i5-8350 U 8go ddr4 256gb ssd nvme 12.5''FHD","laptop"
1042,"Lenovo thinkpad x280 i5-8350 U 8go ddr4 256gb ssd nvme 12.5''FHD","laptop"
1601,"HPE 600GB — SAS 10K — sans caddy","SAS — 2,5"" — 600GB / 900GB HDD"
1602,"HPE 600GB — SAS 10K — sans caddy","SAS — 2,5"" — 600GB / 900GB HDD"
1603,"HPE 600GB — SAS 10K — sans caddy","SAS — 2,5"" — 600GB / 900GB HDD"
1043,"Lenovo thinkpad x280 i5-8350 U 8go ddr4 256gb ssd nvme 12.5''FHD","laptop"
1044,"Lenovo thinkpad x280 i5-8350 U 8go ddr4 256gb ssd nvme 12.5''FHD","laptop"
1030,"Lenovo thinkpad x390 i5-8265 U 8gb ddr4 256gb ssd nvme 13.3''FHD","laptop"
1031,"Lenovo thinkpad x390 i5-8265 U 8gb ddr4 256gb ssd nvme 13.3''FHD","laptop"
1032,"Lenovo thinkpad x390 i5-8265 U 8gb ddr4 256gb ssd nvme 13.3''FHD","laptop"
248,"65w","Adapter"
249,"65w","Adapter"
250,"65w","Adapter"
251,"65w","Adapter"
1421,"Hp pro mini 400G9 i3 12100t 16gb ddr4 256go NVMe","Mini pc"
1033,"Lenovo thinkpad x390 i5-8265 U 8gb ddr4 256gb ssd nvme 13.3''FHD","laptop"
1165,"HPE PROLiant ML350 Gen9","serveurs Tour"
1166,"HPE PROLiant ML350 Gen9","serveurs Tour"
1167,"HPE PROLiant ML350 Gen9","serveurs Tour"
1351,"Hewlett Packard Enterprise ML 350 G9 Xeon E5-2620 32GB RAM 2x300GB SAS RAID P440 AR","serveurs Tour"
1139,"Dell PowerEdge R630","serveurs rack"
1140,"Dell PowerEdge R630","serveurs rack"
1695,"ThinkSystem 300GB — SAS 10K 12Gbps — 2,5""","SAS — 2,5"" — 300GB / 146GB"
1696,"ThinkSystem 300GB — SAS 10K 12Gbps — 2,5""","SAS — 2,5"" — 300GB / 146GB"
1630,"HP 450GB — SAS 10K — avec caddy","SAS — 2,5"" — 450GB HDD"
1631,"HP 450GB — SAS 10K — avec caddy","SAS — 2,5"" — 450GB HDD"
1632,"HP 450GB — SAS 10K — avec caddy","SAS — 2,5"" — 450GB HDD"
1633,"HP 450GB — SAS 10K — avec caddy","SAS — 2,5"" — 450GB HDD"
1634,"HP 450GB — SAS 10K — avec caddy","SAS — 2,5"" — 450GB HDD"
1582,"Dell 600GB — SAS 10K — avec caddy","SAS — 2,5"" — 600GB / 900GB HDD"
1583,"Dell 600GB — SAS 10K — avec caddy","SAS — 2,5"" — 600GB / 900GB HDD"
1584,"Dell 600GB — SAS 10K — avec caddy","SAS — 2,5"" — 600GB / 900GB HDD"
1585,"Dell 600GB — SAS 10K — avec caddy","SAS — 2,5"" — 600GB / 900GB HDD"
1586,"Dell 600GB — SAS 10K — avec caddy","SAS — 2,5"" — 600GB / 900GB HDD"
1428,"Hp pro mini 400G9 i3 12100t 16gb ddr4 256go NVMe","Mini pc"
1764,"Dell 870W DP/N : 0YFG1C Modèle : N870P-S0","DELL (ALIMENTATIONS SERVEUR)"
1619,"HPE 600GB — SAS 15K — sans caddy","SAS — 2,5"" — 600GB / 900GB HDD"
1620,"HPE 600GB — SAS 15K — sans caddy","SAS — 2,5"" — 600GB / 900GB HDD"
1623,"Hitachi 600GB — SAS 10K — sans caddy","SAS — 2,5"" — 600GB / 900GB HDD"
1624,"Hitachi 600GB — SAS 10K — sans caddy","SAS — 2,5"" — 600GB / 900GB HDD"
1625,"Hitachi 600GB — SAS 10K — sans caddy","SAS — 2,5"" — 600GB / 900GB HDD"
1626,"Hitachi 600GB — SAS 10K — sans caddy","SAS — 2,5"" — 600GB / 900GB HDD"
1627,"Hitachi 600GB — SAS 10K — sans caddy","SAS — 2,5"" — 600GB / 900GB HDD"
1628,"Hitachi 600GB — SAS 10K — sans caddy","SAS — 2,5"" — 600GB / 900GB HDD"
1629,"Hitachi 600GB — SAS 10K — sans caddy","SAS — 2,5"" — 600GB / 900GB HDD"
1672,"HPE 300GB — SAS 10K — sans caddy","SAS — 2,5"" — 300GB / 146GB"
1673,"HPE 300GB — SAS 10K — sans caddy","SAS — 2,5"" — 300GB / 146GB"
1674,"HPE 300GB — SAS 10K — sans caddy","SAS — 2,5"" — 300GB / 146GB"
1675,"HPE 300GB — SAS 10K — sans caddy","SAS — 2,5"" — 300GB / 146GB"
1676,"HPE 300GB — SAS 10K — sans caddy","SAS — 2,5"" — 300GB / 146GB"
1677,"HPE 300GB — SAS 10K — sans caddy","SAS — 2,5"" — 300GB / 146GB"
1678,"HPE 300GB — SAS 10K — sans caddy","SAS — 2,5"" — 300GB / 146GB"
1679,"HPE 300GB — SAS 10K — sans caddy","SAS — 2,5"" — 300GB / 146GB"
1680,"HPE 300GB — SAS 10K — sans caddy","SAS — 2,5"" — 300GB / 146GB"
1681,"HPE 300GB — SAS 10K — sans caddy","SAS — 2,5"" — 300GB / 146GB"
1682,"HPE 300GB — SAS 10K — sans caddy","SAS — 2,5"" — 300GB / 146GB"
1683,"HPE 300GB — SAS 10K — sans caddy","SAS — 2,5"" — 300GB / 146GB"
1684,"HPE 300GB — SAS 10K — sans caddy","SAS — 2,5"" — 300GB / 146GB"
1685,"HPE 300GB — SAS 10K — sans caddy","SAS — 2,5"" — 300GB / 146GB"
1686,"HPE 300GB — SAS 10K — sans caddy","SAS — 2,5"" — 300GB / 146GB"
1687,"HPE 300GB — SAS 10K — sans caddy","SAS — 2,5"" — 300GB / 146GB"
1368,"HP ProLiant DL360 G9 E5-2630 32GB RAM 2x300GB SAS RAID P440 AR","serveurs rack"
1369,"HP ProLiant DL360 G9 E5-2630 32GB RAM 2x300GB SAS RAID P440 AR","serveurs rack"
1719,"HPE 500W Flex Slot Platinum Option : 865408-B21 Spare : 866729-001 P/N : 865399-101","HPE / HP(ALIMENTATIONS SERVEUR)"
1433,"Hp ProDesk 600 g4 i5 8500t 8gb ram 256gb data ssd","Mini pc"
1429,"Hp pro mini 400G9 i3 12100t 16gb ddr4 256go NVMe","Mini pc"
1700,"HP 146GB — SAS 10K — avec caddy","SAS — 2,5"" — 300GB / 146GB"
1694,"HP 300GB — SAS 10K — avec caddy","SAS — 2,5"" — 300GB / 146GB"
1691,"HP 300GB — SAS 15K — avec caddy","SAS — 2,5"" — 300GB / 146GB"
1692,"HP 300GB — SAS 15K — avec caddy","SAS — 2,5"" — 300GB / 146GB"
1693,"HP 300GB — SAS 15K — avec caddy","SAS — 2,5"" — 300GB / 146GB"
1370,"HP ProLiant DL360 G9 E5-2630 32GB RAM 2x300GB SAS RAID P440 AR","serveurs rack"
1371,"HP ProLiant DL360 G9 E5-2630 32GB RAM 2x300GB SAS RAID P440 AR","serveurs rack"
1143,"HPE PROLiant DL380 Gen10","serveurs rack"
1144,"HPE PROLiant DL380 Gen10","serveurs rack"
1145,"HPE PROLiant DL380 Gen10","serveurs rack"
2073,"SpeaKa Professional Monitor Desk Stand, noir, ajustable 17"" à 32"" (Réf. : 3419447)","​ACCESSOIRES ET ÉQUIPEMENTS DE MONTAGE"
2074,"SpeaKa Professional Monitor Desk Stand, noir, ajustable 17"" à 32"" (Réf. : 3419447)","​ACCESSOIRES ET ÉQUIPEMENTS DE MONTAGE"
2065,"i-tec USB-C Gigabit Ethernet Adapter (10/100/1000 Mbps)","​ACCESSOIRES ET ÉQUIPEMENTS DE MONTAGE"
2066,"i-tec USB-C Gigabit Ethernet Adapter (10/100/1000 Mbps)","​ACCESSOIRES ET ÉQUIPEMENTS DE MONTAGE"
2067,"i-tec USB-C Gigabit Ethernet Adapter (10/100/1000 Mbps)","​ACCESSOIRES ET ÉQUIPEMENTS DE MONTAGE"
1996,"Dell OptiPlex 3050 Micro (Intel Core i5-6500T, 8 Go RAM, 256 Go SSD)","​ORDINATEURS DE BUREAU (MINI PC)"
1997,"Dell OptiPlex 3050 Micro (Intel Core i5-6500T, 8 Go RAM, 256 Go SSD)","​ORDINATEURS DE BUREAU (MINI PC)"
1998,"Dell OptiPlex 3050 Micro (Intel Core i5-6500T, 8 Go RAM, 256 Go SSD)","​ORDINATEURS DE BUREAU (MINI PC)"
1999,"Dell OptiPlex 3050 Micro (Intel Core i5-6500T, 8 Go RAM, 256 Go SSD)","​ORDINATEURS DE BUREAU (MINI PC)"
2000,"Dell OptiPlex 3050 Micro (Intel Core i5-6500T, 8 Go RAM, 256 Go SSD)","​ORDINATEURS DE BUREAU (MINI PC)"
2001,"Dell OptiPlex 3050 Micro (Intel Core i5-6500T, 8 Go RAM, 256 Go SSD)","​ORDINATEURS DE BUREAU (MINI PC)"
1795,"Epson T9452 Cyan XL Ink Supply Unit","EPSON — ENCRES(CONSOMMABLES D'IMPRESSION)"
1755,"HP 460W Spare : 511777-001 Modèle : HSTNS-PL14","HPE / HP(ALIMENTATIONS SERVEUR)"
1756,"HP 460W Spare : 511777-001 Modèle : HSTNS-PL14","HPE / HP(ALIMENTATIONS SERVEUR)"
1757,"HP 460W Spare : 511777-001 Modèle : HSTNS-PL14","HPE / HP(ALIMENTATIONS SERVEUR)"
1758,"HP 460W Spare : 511777-001 Modèle : HSTNS-PL14","HPE / HP(ALIMENTATIONS SERVEUR)"
1759,"HP 750W Spare : 511778-001 Modèle : HSTNS-PL18","HPE / HP(ALIMENTATIONS SERVEUR)"
1760,"HP 750W Spare : 511778-001 Modèle : HSTNS-PL18","HPE / HP(ALIMENTATIONS SERVEUR)"
1761,"HP 750W Spare : 511778-001 Modèle : HSTNS-PL18","HPE / HP(ALIMENTATIONS SERVEUR)"
1744,"HPE 800W Flex Slot Platinum Option : 865414-B21 Spare : 866730-001","HPE / HP(ALIMENTATIONS SERVEUR)"
1745,"HPE 800W Flex Slot Platinum Option : 865414-B21 Spare : 866730-001","HPE / HP(ALIMENTATIONS SERVEUR)"
1746,"HPE 800W Flex Slot Platinum Option : 865414-B21 Spare : 866730-001","HPE / HP(ALIMENTATIONS SERVEUR)"
1747,"HPE 800W Flex Slot Platinum Option : 865414-B21 Spare : 866730-001","HPE / HP(ALIMENTATIONS SERVEUR)"
1748,"HPE 800W Flex Slot Platinum Option : 865414-B21 Spare : 866730-001","HPE / HP(ALIMENTATIONS SERVEUR)"
1749,"HPE 800W Flex Slot Platinum Option : 865414-B21 Spare : 866730-001","HPE / HP(ALIMENTATIONS SERVEUR)"
1750,"HPE 800W Flex Slot Platinum Option : 865414-B21 Spare : 866730-001","HPE / HP(ALIMENTATIONS SERVEUR)"
1751,"HPE 800W Flex Slot Platinum Option : 865414-B21 Spare : 866730-001","HPE / HP(ALIMENTATIONS SERVEUR)"
2002,"Dell OptiPlex 3050 Micro (Intel Core i5-6500T, 8 Go RAM, 256 Go SSD)","​ORDINATEURS DE BUREAU (MINI PC)"
2003,"Dell OptiPlex 3050 Micro (Intel Core i5-6500T, 8 Go RAM, 256 Go SSD)","​ORDINATEURS DE BUREAU (MINI PC)"
2004,"Dell OptiPlex 3050 Micro (Intel Core i5-6500T, 8 Go RAM, 256 Go SSD)","​ORDINATEURS DE BUREAU (MINI PC)"
2005,"Dell OptiPlex 3050 Micro (Intel Core i5-6500T, 8 Go RAM, 256 Go SSD)","​ORDINATEURS DE BUREAU (MINI PC)"
1970,"Lenovo ThinkCentre M715q Tiny (AMD A6 PRO-8570E R5)","​ORDINATEURS DE BUREAU (MINI PC)"
1971,"Lenovo ThinkCentre M715q Tiny (AMD A6 PRO-8570E R5)","​ORDINATEURS DE BUREAU (MINI PC)"
1972,"Lenovo ThinkCentre M715q Tiny (AMD A6 PRO-8570E R5)","​ORDINATEURS DE BUREAU (MINI PC)"
1973,"Lenovo ThinkCentre M715q Tiny (AMD A6 PRO-8570E R5)","​ORDINATEURS DE BUREAU (MINI PC)"
1974,"Lenovo ThinkCentre M715q Tiny (AMD A6 PRO-8570E R5)","​ORDINATEURS DE BUREAU (MINI PC)"
1975,"Lenovo ThinkCentre M715q Tiny (AMD A6 PRO-8570E R5)","​ORDINATEURS DE BUREAU (MINI PC)"
1976,"Lenovo ThinkCentre M715q Tiny (AMD A6 PRO-8570E R5)","​ORDINATEURS DE BUREAU (MINI PC)"
1977,"Lenovo ThinkCentre M715q Tiny (AMD A6 PRO-8570E R5)","​ORDINATEURS DE BUREAU (MINI PC)"
1978,"Lenovo ThinkCentre M715q Tiny (AMD A6 PRO-8570E R5)","​ORDINATEURS DE BUREAU (MINI PC)"
1979,"Lenovo ThinkCentre M715q Tiny (AMD A6 PRO-8570E R5)","​ORDINATEURS DE BUREAU (MINI PC)"
1980,"Lenovo ThinkCentre M715q Tiny (AMD A6 PRO-8570E R5)","​ORDINATEURS DE BUREAU (MINI PC)"
1981,"Lenovo ThinkCentre M715q Tiny (AMD A6 PRO-8570E R5)","​ORDINATEURS DE BUREAU (MINI PC)"
1982,"Lenovo ThinkCentre M715q Tiny (AMD A6 PRO-8570E R5)","​ORDINATEURS DE BUREAU (MINI PC)"
1983,"Lenovo ThinkCentre M715q Tiny (AMD A6 PRO-8570E R5)","​ORDINATEURS DE BUREAU (MINI PC)"
1984,"Lenovo ThinkCentre M715q Tiny (AMD A6 PRO-8570E R5)","​ORDINATEURS DE BUREAU (MINI PC)"
1985,"Lenovo ThinkCentre M715q Tiny (AMD A6 PRO-8570E R5)","​ORDINATEURS DE BUREAU (MINI PC)"
1986,"Lenovo ThinkCentre M715q Tiny (AMD A6 PRO-8570E R5)","​ORDINATEURS DE BUREAU (MINI PC)"
1987,"Lenovo ThinkCentre M715q Tiny (AMD A6 PRO-8570E R5)","​ORDINATEURS DE BUREAU (MINI PC)"
1988,"Lenovo ThinkCentre M715q Tiny (AMD A6 PRO-8570E R5)","​ORDINATEURS DE BUREAU (MINI PC)"
1989,"Lenovo ThinkCentre M715q Tiny (AMD A6 PRO-8570E R5)","​ORDINATEURS DE BUREAU (MINI PC)"
1990,"Lenovo ThinkCentre M715q Tiny (AMD A6 PRO-8570E R5)","​ORDINATEURS DE BUREAU (MINI PC)"
1991,"Lenovo ThinkCentre M715q Tiny (AMD A6 PRO-8570E R5)","​ORDINATEURS DE BUREAU (MINI PC)"
1992,"Lenovo ThinkCentre M715q Tiny (AMD A6 PRO-8570E R5)","​ORDINATEURS DE BUREAU (MINI PC)"
1993,"Lenovo ThinkCentre M715q Tiny (AMD A6 PRO-8570E R5)","​ORDINATEURS DE BUREAU (MINI PC)"
1994,"Lenovo ThinkCentre M715q Tiny (AMD A6 PRO-8570E R5)","​ORDINATEURS DE BUREAU (MINI PC)"
1798,"Canon Cartridge 724 H Black Toner Cartridge","CANON / KYOCERA(CONSOMMABLES D'IMPRESSION)"
1799,"Canon Cartridge 724 H Black Toner Cartridge","CANON / KYOCERA(CONSOMMABLES D'IMPRESSION)"
1800,"Canon Cartridge 724 H Black Toner Cartridge","CANON / KYOCERA(CONSOMMABLES D'IMPRESSION)"
1801,"Canon Cartridge 724 H Black Toner Cartridge","CANON / KYOCERA(CONSOMMABLES D'IMPRESSION)"
1802,"Compatible Kyocera TK-5490 Toner Cartridge Set — TK#SET5490","CANON / KYOCERA(CONSOMMABLES D'IMPRESSION)"
1803,"Compatible Kyocera TK-5490 Toner Cartridge Set — TK#SET5490","CANON / KYOCERA(CONSOMMABLES D'IMPRESSION)"
1762,"Dell 570W DP/N : 0RXCPH Réf : CWA2-0570-10-DL01","DELL (ALIMENTATIONS SERVEUR)"
1763,"Dell 570W DP/N : 0RXCPH Réf : CWA2-0570-10-DL01","DELL (ALIMENTATIONS SERVEUR)"
1785,"Compatible HP 364A / CC364A Black Toner Cartridge","HP — TONERS(CONSOMMABLES D'IMPRESSION)"
1767,"HP 05A Black Toner Cartridge — CE505A","HP — TONERS(CONSOMMABLES D'IMPRESSION)"
1768,"HP 11X Black Toner Cartridge — Q6511X","HP — TONERS(CONSOMMABLES D'IMPRESSION)"
1769,"HP 501A Black Toner Cartridge — Q6470A","HP — TONERS(CONSOMMABLES D'IMPRESSION)"
1770,"HP 503A Cyan Toner Cartridge — Q7581A","HP — TONERS(CONSOMMABLES D'IMPRESSION)"
1771,"HP 503A Cyan Toner Cartridge — Q7581A","HP — TONERS(CONSOMMABLES D'IMPRESSION)"
1772,"HP 503A Cyan Toner Cartridge — Q7581A","HP — TONERS(CONSOMMABLES D'IMPRESSION)"
1779,"HP 503A Yellow Toner Cartridge — Q7582A","HP — TONERS(CONSOMMABLES D'IMPRESSION)"
1780,"HP 503A Yellow Toner Cartridge — Q7582A","HP — TONERS(CONSOMMABLES D'IMPRESSION)"
1781,"HP 503A Yellow Toner Cartridge — Q7582A","HP — TONERS(CONSOMMABLES D'IMPRESSION)"
1782,"HP 503A Yellow Toner Cartridge — Q7582A","HP — TONERS(CONSOMMABLES D'IMPRESSION)"
1783,"HP 503A Yellow Toner Cartridge — Q7582A","HP — TONERS(CONSOMMABLES D'IMPRESSION)"
1784,"HP 503A Yellow Toner Cartridge — Q7582A","HP — TONERS(CONSOMMABLES D'IMPRESSION)"
1752,"HPE 800W Flex Slot Platinum Option : 720479-B21 Spare : 754381-001 P/N : 723600-101","HPE / HP(ALIMENTATIONS SERVEUR)"
1753,"HPE 800W Flex Slot Platinum Option : 720479-B21 Spare : 754381-001 P/N : 723600-101","HPE / HP(ALIMENTATIONS SERVEUR)"
1754,"HPE 800W Flex Slot Platinum Option : 720479-B21 Spare : 754381-001 P/N : 723600-101","HPE / HP(ALIMENTATIONS SERVEUR)"
1824,"HP UltraSlim Docking Station","Station d'accueil"
1825,"HP UltraSlim Docking Station","Station d'accueil"
1820,"Station d'accueil Dell Dock WD15","Station d'accueil"
1821,"Station d'accueil Dell Dock WD15","Station d'accueil"
1822,"Station d'accueil Dell Dock WD15","Station d'accueil"
1823,"Station d'accueil Dell Dock WD15","Station d'accueil"
1465,"Station d'accueil Lenovo ThinkPad Ultra dock","Station d'accueil"
1826,"Station d'accueil Lenovo ThinkPad Ultra dock","Station d'accueil"
1786,"Ink MASTER CF283A Compatible Toner Cartridge","HP — TONERS(CONSOMMABLES D'IMPRESSION)"
1793,"NEWLIGHT 283A / 283X / 737 Compatible Toner Cartridge","HP — TONERS(CONSOMMABLES D'IMPRESSION)"
1765,"IBM / Lenovo 550W IBM P/N : 94Y8109 FRU : 94Y8110 Modèle : FSA011","IBM / LENOVO (ALIMENTATIONS SERVEUR)"
1827,"Station d'accueil Lenovo ThinkPad Ultra dock","Station d'accueil"
1812,"KOANAN Compatible Toner Cartridge","AUTRES COMPATIBLES(CONSOMMABLES D'IMPRESSION)"
1813,"KOANAN Compatible Toner Cartridge","AUTRES COMPATIBLES(CONSOMMABLES D'IMPRESSION)"
1814,"KOANAN Compatible Toner Cartridge","AUTRES COMPATIBLES(CONSOMMABLES D'IMPRESSION)"
1815,"KOANAN Compatible Toner Cartridge","AUTRES COMPATIBLES(CONSOMMABLES D'IMPRESSION)"
1804,"Nova Cartuchos Compatible Black Toner Cartridge","AUTRES COMPATIBLES(CONSOMMABLES D'IMPRESSION)"
1805,"Nova Cartuchos Compatible Black Toner Cartridge","AUTRES COMPATIBLES(CONSOMMABLES D'IMPRESSION)"
1806,"Nova Cartuchos Compatible Cyan Toner Cartridge","AUTRES COMPATIBLES(CONSOMMABLES D'IMPRESSION)"
1807,"Nova Cartuchos Compatible Cyan Toner Cartridge","AUTRES COMPATIBLES(CONSOMMABLES D'IMPRESSION)"
1808,"Nova Cartuchos Compatible Magenta Toner Cartridge","AUTRES COMPATIBLES(CONSOMMABLES D'IMPRESSION)"
1809,"Nova Cartuchos Compatible Magenta Toner Cartridge","AUTRES COMPATIBLES(CONSOMMABLES D'IMPRESSION)"
1810,"Nova Cartuchos Compatible Yellow Toner Cartridge","AUTRES COMPATIBLES(CONSOMMABLES D'IMPRESSION)"
1811,"Nova Cartuchos Compatible Yellow Toner Cartridge","AUTRES COMPATIBLES(CONSOMMABLES D'IMPRESSION)"
1816,"TONE-BANK Compatible Toner Cartridge","AUTRES COMPATIBLES(CONSOMMABLES D'IMPRESSION)"
1817,"TONE-BANK Compatible Toner Cartridge","AUTRES COMPATIBLES(CONSOMMABLES D'IMPRESSION)"
1818,"TONE-BANK Compatible Toner Cartridge","AUTRES COMPATIBLES(CONSOMMABLES D'IMPRESSION)"
1819,"TONE-BANK Compatible Toner Cartridge","AUTRES COMPATIBLES(CONSOMMABLES D'IMPRESSION)"
1794,"Epson T9451 Black XL Ink Supply Unit","EPSON — ENCRES(CONSOMMABLES D'IMPRESSION)"
1796,"Epson T9453 Magenta XL Ink Supply Unit","EPSON — ENCRES(CONSOMMABLES D'IMPRESSION)"
1797,"Epson T9454 Yellow XL Ink Supply Unit","EPSON — ENCRES(CONSOMMABLES D'IMPRESSION)"
1787,"CF287X / 87X / 041H Black Toner Cartridge — 20,000 pages","HP — TONERS(CONSOMMABLES D'IMPRESSION)"
1788,"CF287X / 87X / 041H Black Toner Cartridge — 20,000 pages","HP — TONERS(CONSOMMABLES D'IMPRESSION)"
1789,"CF287X / 87X / 041H Black Toner Cartridge — 20,000 pages","HP — TONERS(CONSOMMABLES D'IMPRESSION)"
1790,"CF287X / 87X / 041H Black Toner Cartridge — 20,000 pages","HP — TONERS(CONSOMMABLES D'IMPRESSION)"
1791,"CF287X / 87X / 041H Black Toner Cartridge — 20,000 pages","HP — TONERS(CONSOMMABLES D'IMPRESSION)"
1792,"CF287X / 87X / 041H Black Toner Cartridge — 20,000 pages","HP — TONERS(CONSOMMABLES D'IMPRESSION)"
1773,"HP 503A Magenta Toner Cartridge — Q7583A","HP — TONERS(CONSOMMABLES D'IMPRESSION)"
1774,"HP 503A Magenta Toner Cartridge — Q7583A","HP — TONERS(CONSOMMABLES D'IMPRESSION)"
1775,"HP 503A Magenta Toner Cartridge — Q7583A","HP — TONERS(CONSOMMABLES D'IMPRESSION)"
1766,"IBM / Lenovo 550W IBM P/N : 94Y8109 FRU : 94Y8110 Modèle : FSA011","IBM / LENOVO (ALIMENTATIONS SERVEUR)"
1011,"Dell Optiplex 3050 i5-6th 8gb 256gb ssd","Mini pc"
1439,"Hp Elitebook x360 830 g7 i7 10710u 16gb ddr4 500gb nvme 80%","laptop"
1136,"Dell PowerEdge R630","serveurs rack"
1137,"Dell PowerEdge R630","serveurs rack"
1837,"Carte HBA Lenovo ThinkSystem 430-8e — PCIe, 2× Mini-SAS HD","CARTES D'ACQUISITION ET CARTES D'EXTENSION"
1840,"Dell Intel X550-T2 — PCIe, 2× RJ45 10GbE","CARTES D'ACQUISITION ET CARTES D'EXTENSION"
1138,"Dell PowerEdge R630","serveurs rack"
1365,"HP ProLiant DL360 G9 E5-2630 32GB RAM 2x300GB SAS RAID P440 AR","serveurs rack"
1366,"HP ProLiant DL360 G9 E5-2630 32GB RAM 2x300GB SAS RAID P440 AR","serveurs rack"
1367,"HP ProLiant DL360 G9 E5-2630 32GB RAM 2x300GB SAS RAID P440 AR","serveurs rack"
1128,"HPE  PROLiant DL360 Gen9","serveurs rack"
1607,"HPE 600GB — SAS 10K — sans caddy","SAS — 2,5"" — 600GB / 900GB HDD"
1608,"HPE 600GB — SAS 10K — sans caddy","SAS — 2,5"" — 600GB / 900GB HDD"
1129,"HPE  PROLiant DL360 Gen9","serveurs rack"
1134,"HPE  PROLiant DL360 Gen9","serveurs rack"
1131,"HPE  PROLiant DL360 Gen9","serveurs rack"
1132,"HPE  PROLiant DL360 Gen9","serveurs rack"
1133,"HPE  PROLiant DL360 Gen9","serveurs rack"
1156,"Lenovo ThinkSystem S530","serveurs rack"
1459,"Starter Wireless Combo keyboard/mouse","CLAVIERS & PÉRIPHÉRIQUES"
1458,"Starter Wireless Combo keyboard/mouse","CLAVIERS & PÉRIPHÉRIQUES"
1841,"HP 546FLR / 556FLR — FlexibleLOM, 2× SFP+ 10GbE","CARTES D'ACQUISITION ET CARTES D'EXTENSION"
1842,"HP 546FLR / 556FLR — FlexibleLOM, 2× SFP+ 10GbE","CARTES D'ACQUISITION ET CARTES D'EXTENSION"
1313,"HP Wired Desktop Keyboard","CLAVIERS & PÉRIPHÉRIQUES"
1314,"HP Wired Desktop Keyboard","CLAVIERS & PÉRIPHÉRIQUES"
1836,"Carte d'acquisition National Instruments X Series — PCIe, calibrée","CARTES D'ACQUISITION ET CARTES D'EXTENSION"
1843,"HP 546FLR / 556FLR — FlexibleLOM, 2× SFP+ 10GbE","CARTES D'ACQUISITION ET CARTES D'EXTENSION"
1844,"HP 366FLR — FlexibleLOM, 4× RJ45 1GbE","CARTES D'ACQUISITION ET CARTES D'EXTENSION"
1847,"Adaptateurs NGFF M.2 / Transfer Card Extension Rack Boards — SKU : Y1UB4NB6036","ADAPTATEURS"
1848,"Adaptateurs NGFF M.2 / Transfer Card Extension Rack Boards — SKU : Y1UB4NB6036","ADAPTATEURS"
1849,"Adaptateurs NGFF M.2 / Transfer Card Extension Rack Boards — SKU : Y1UB4NB6036","ADAPTATEURS"
1850,"Adaptateurs NGFF M.2 / Transfer Card Extension Rack Boards — SKU : Y1UB4NB6036","ADAPTATEURS"
1851,"Adaptateurs NGFF M.2 / Transfer Card Extension Rack Boards — SKU : Y1UB4NB6036","ADAPTATEURS"
1852,"Adaptateurs NGFF M.2 / Transfer Card Extension Rack Boards — SKU : Y1UB4NB6036","ADAPTATEURS"
1853,"Adaptateurs NGFF M.2 / Transfer Card Extension Rack Boards — SKU : Y1UB4NB6036","ADAPTATEURS"
1854,"Adaptateurs NGFF M.2 / Transfer Card Extension Rack Boards — SKU : Y1UB4NB6036","ADAPTATEURS"
1855,"Adaptateurs NGFF M.2 / Transfer Card Extension Rack Boards — SKU : Y1UB4NB6036","ADAPTATEURS"
1434,"Lenovo Thinkcentre M75q Gen2 Ryzen 3 pro 5350 GE 16gb ddr4 512gb ssd","Mini pc"
1890,"NVIDIA Quadro 4000 — HP OEM, Réf. : 616076-001","CARTE GRAPHIQUE"
10,"RX 570","CARTE GRAPHIQUE"
11,"RX 570","CARTE GRAPHIQUE"
9,"RX 570","CARTE GRAPHIQUE"
1838,"Riser NVMe HPE Quad Slim SAS — Serveur Gen10","CARTES D'ACQUISITION ET CARTES D'EXTENSION"
1839,"Riser PCIe x16 HP — Pour unité centrale SFF CARTES RÉSEAU","CARTES D'ACQUISITION ET CARTES D'EXTENSION"
1463,"Dell Combo Wireless keyboard/Mouse","CLAVIERS & PÉRIPHÉRIQUES"
1464,"Dell Combo Wireless keyboard/Mouse","CLAVIERS & PÉRIPHÉRIQUES"
1856,"Adaptateurs NGFF M.2 / Transfer Card Extension Rack Boards — SKU : Y1UB4NB6036","ADAPTATEURS"
1857,"Adaptateurs NGFF M.2 / Transfer Card Extension Rack Boards — SKU : Y1UB4NB6036","ADAPTATEURS"
1858,"Adaptateurs NGFF M.2 / Transfer Card Extension Rack Boards — SKU : Y1UB4NB6036","ADAPTATEURS"
1859,"Adaptateurs NGFF M.2 / Transfer Card Extension Rack Boards — SKU : Y1UB4NB6036","ADAPTATEURS"
1860,"Adaptateurs NGFF M.2 / Transfer Card Extension Rack Boards — SKU : Y1UB4NB6036","ADAPTATEURS"
1861,"Adaptateurs NGFF M.2 / Transfer Card Extension Rack Boards — SKU : Y1UB4NB6036","ADAPTATEURS"
1862,"Adaptateurs NGFF M.2 / Transfer Card Extension Rack Boards — SKU : Y1UB4NB6036","ADAPTATEURS"
1863,"Adaptateurs NGFF M.2 / Transfer Card Extension Rack Boards — SKU : Y1UB4NB6036","ADAPTATEURS"
1864,"Adaptateurs NGFF M.2 / Transfer Card Extension Rack Boards — SKU : Y1UB4NB6036","ADAPTATEURS"
1865,"Adaptateurs NGFF M.2 / Transfer Card Extension Rack Boards — SKU : Y1UB4NB6036","ADAPTATEURS"
1866,"Adaptateurs NGFF M.2 / Transfer Card Extension Rack Boards — SKU : Y1UB4NB6036","ADAPTATEURS"
1867,"Adaptateurs NGFF M.2 / Transfer Card Extension Rack Boards — SKU : Y1UB4NB6036","ADAPTATEURS"
1868,"Adaptateurs NGFF M.2 / Transfer Card Extension Rack Boards — SKU : Y1UB4NB6036","ADAPTATEURS"
1869,"Adaptateurs NGFF M.2 / Transfer Card Extension Rack Boards — SKU : Y1UB4NB6036","ADAPTATEURS"
1870,"Adaptateurs NGFF M.2 / Transfer Card Extension Rack Boards — SKU : Y1UB4NB6036","ADAPTATEURS"
1871,"Adaptateurs NGFF M.2 / Transfer Card Extension Rack Boards — SKU : Y1UB4NB6036","ADAPTATEURS"
1872,"Adaptateurs NGFF M.2 / Transfer Card Extension Rack Boards — SKU : Y1UB4NB6036","ADAPTATEURS"
1873,"Adaptateurs NGFF M.2 / Transfer Card Extension Rack Boards — SKU : Y1UB4NB6036","ADAPTATEURS"
1874,"Adaptateurs NGFF M.2 / Transfer Card Extension Rack Boards — SKU : Y1UB4NB6036","ADAPTATEURS"
1875,"Adaptateurs NGFF M.2 / Transfer Card Extension Rack Boards — SKU : Y1UB4NB6036","ADAPTATEURS"
1876,"Adaptateurs NGFF M.2 / Transfer Card Extension Rack Boards — SKU : Y1UB4NB6036","ADAPTATEURS"
1877,"Adaptateurs NGFF M.2 / Transfer Card Extension Rack Boards — SKU : Y1UB4NB6036","ADAPTATEURS"
1878,"Adaptateurs NGFF M.2 / Transfer Card Extension Rack Boards — SKU : Y1UB4NB6036","ADAPTATEURS"
1879,"Adaptateurs NGFF M.2 / Transfer Card Extension Rack Boards — SKU : Y1UB4NB6036","ADAPTATEURS"
1880,"Adaptateurs NGFF M.2 / Transfer Card Extension Rack Boards — SKU : Y1UB4NB6036","ADAPTATEURS"
1881,"Adaptateurs NGFF M.2 / Transfer Card Extension Rack Boards — SKU : Y1UB4NB6036","ADAPTATEURS"
1882,"Adaptateurs NGFF M.2 / Transfer Card Extension Rack Boards — SKU : Y1UB4NB6036","ADAPTATEURS"
1883,"Adaptateurs NGFF M.2 / Transfer Card Extension Rack Boards — SKU : Y1UB4NB6036","ADAPTATEURS"
1884,"Adaptateurs NGFF M.2 / Transfer Card Extension Rack Boards — SKU : Y1UB4NB6036","ADAPTATEURS"
1885,"Adaptateurs NGFF M.2 / Transfer Card Extension Rack Boards — SKU : Y1UB4NB6036","ADAPTATEURS"
1886,"Adaptateurs NGFF M.2 / Transfer Card Extension Rack Boards — SKU : Y1UB4NB6036","ADAPTATEURS"
1887,"Adaptateurs NGFF M.2 / Transfer Card Extension Rack Boards — SKU : Y1UB4NB6036","ADAPTATEURS"
1888,"Adaptateurs NGFF M.2 / Transfer Card Extension Rack Boards — SKU : Y1UB4NB6036","ADAPTATEURS"
1889,"Adaptateurs NGFF M.2 / Transfer Card Extension Rack Boards — SKU : Y1UB4NB6036","ADAPTATEURS"
244,"65w","Adapter"
1894,"ASUS GeForce GTX 650 — Modèle : GTX650-DC-1GD5","CARTE GRAPHIQUE"
1895,"Gigabyte Radeon HD 5770 — Modèle : GV-R577UD-1GD, REV : 2.1","CARTE GRAPHIQUE"
1891,"NVIDIA Quadro 4000 — Dell OEM, Modèle : P2007, DP/N : 06WTYT et 0731Y3","CARTE GRAPHIQUE"
1893,"NVIDIA Quadro K1200 — HP OEM, Spare P/N : 801195-002","CARTE GRAPHIQUE"
1898,"Konica Minolta bizhub 3602P — Part Number AAFK021, S/N : AAFK021008527","Imprimante"
1899,"Kingston 16GB DDR4 3200MHz ECC Registered (KSM32RS4/16MEI) - RDIMM","Kingston"
1900,"Kingston 16GB DDR4 3200MHz ECC Registered (KSM32RS4/16MEI) - RDIMM","Kingston"
1933,"Samsung 16GB DDR4 2933 - UDIMM","Samsung"
1929,"Samsung 16GB DDR4 ECC Registered (M393A2K40EB3-CWEBY) - RDIMM","Samsung"
1930,"Samsung 16GB DDR4 ECC Registered (M393A2K40EB3-CWEBY) - RDIMM","Samsung"
1931,"Samsung 16GB DDR4 ECC Registered (M393A2K40EB3-CWEBY) - RDIMM","Samsung"
1932,"Samsung 16GB DDR4 ECC Registered (M393A4K40CB2-CTD7Q) - RDIMM","Samsung"
1934,"Samsung 32GB DDR4 ECC Registered (M393A4K40CB2-CTD7Q) - RDIMM","Samsung"
1917,"Samsung 4GB DDR4 (M378A5143EB1-CPB / PC4-2133P) - UDIMM","Samsung"
1918,"Samsung 4GB DDR4 (M378A5143EB1-CPB / PC4-2133P) - UDIMM","Samsung"
1919,"Samsung 4GB DDR4 (M378A5143EB1-CPB / PC4-2133P) - UDIMM","Samsung"
1920,"Samsung 4GB DDR4 (M378A5143EB1-CPB / PC4-2133P) - UDIMM","Samsung"
1921,"Samsung 4GB DDR4 (M378A5143EB1-CPB / PC4-2133P) - UDIMM","Samsung"
1922,"Samsung 4GB DDR4 (M378A5143EB1-CPB / PC4-2133P) - UDIMM","Samsung"
1927,"Samsung 8GB DDR4 ECC Registered (M393A1G40DB0-CPB0Q) - RDIMM","Samsung"
1928,"Samsung 8GB DDR4 ECC Registered (M393A1G40DB0-CPB0Q) - RDIMM","Samsung"
1953,"Dell Keyboard KB212-B (DP/N : 0DJ497)","​CLAVIERS ET PÉRIPHÉRIQUES"
1954,"HP Keyboard (Modèle : KU-1469)","​CLAVIERS ET PÉRIPHÉRIQUES"
1955,"HP Keyboard (Modèle : KU-1469)","​CLAVIERS ET PÉRIPHÉRIQUES"
1956,"HP Keyboard (Modèle : KU-1469)","​CLAVIERS ET PÉRIPHÉRIQUES"
1957,"HP Keyboard (Modèle : KU-1469)","​CLAVIERS ET PÉRIPHÉRIQUES"
1958,"HP Keyboard (Modèle : KU-1469)","​CLAVIERS ET PÉRIPHÉRIQUES"
1950,"HP Keyboard (Modèle : PR1101U / Spares P/N : 537924-051)","​CLAVIERS ET PÉRIPHÉRIQUES"
1951,"HP Keyboard (Modèle : PR1101U / Spares P/N : 537924-051)","​CLAVIERS ET PÉRIPHÉRIQUES"
1908,"Kingston 32GB DDR4 2Rx4 PC4-2400T (Modèle 9995640-032.A00G) - RDIMM","Kingston"
1909,"Kingston 32GB DDR4 2Rx4 PC4-2400T (Modèle 9995640-032.A00G) - RDIMM","Kingston"
1910,"Kingston 32GB DDR4 2Rx4 PC4-2400T (Modèle 9995640-032.A00G) - RDIMM","Kingston"
1949,"Micron 16GB DDR4 ECC - RDIMM","Micron"
1935,"PNY Technologies Europe Black 4GB DDR4 DIMM (64C0JJFDL8G09) - UDIMM","PNY Technologies Europe"
1936,"PNY Technologies Europe Black 4GB DDR4 DIMM (64C0JJFDL8G09) - UDIMM","PNY Technologies Europe"
1937,"PNY Technologies Europe Black 4GB DDR4 DIMM (64C0JJFDL8G09) - UDIMM","PNY Technologies Europe"
1938,"PNY Technologies Europe Black 4GB DDR4 DIMM (64C0JJFDL8G09) - UDIMM","PNY Technologies Europe"
1939,"PNY Technologies Europe Black 4GB DDR4 DIMM (64C0JJFDL8G09) - UDIMM","PNY Technologies Europe"
1940,"PNY Technologies Europe Black 4GB DDR4 DIMM (64C0JJFDL8G09) - UDIMM","PNY Technologies Europe"
1941,"PNY Technologies Europe Black 4GB DDR4 DIMM (64C0JJFDL8G09) - UDIMM","PNY Technologies Europe"
1952,"HP Keyboard (Modèle : PR1101U / Spares P/N : 537924-051)","​CLAVIERS ET PÉRIPHÉRIQUES"
1947,"SK hynix 16GB DDR4 2400T - RDIMM","​SK hynix"
1948,"SK hynix 16GB DDR4 3200AA (HMAG78EXNRA084N AD) - RDIMM","​SK hynix"
1944,"SK hynix 4GB DDR4 (HMA851U6CJR6N-VK) - UDIMM","​SK hynix"
1945,"SK hynix 4GB DDR4 (HMA851U6CJR6N-VK) - UDIMM","​SK hynix"
1946,"SK hynix 4GB DDR4 (HMA851U6CJR6N-VK) - UDIMM","​SK hynix"
2045,"HP 2013 UltraSlim Docking Station (Product : D9Y32AA / Spare : 732252-001)","​ACCESSOIRES ET ÉQUIPEMENTS DE MONTAGE"
2046,"HP 2013 UltraSlim Docking Station (Product : D9Y32AA / Spare : 732252-001)","​ACCESSOIRES ET ÉQUIPEMENTS DE MONTAGE"
2047,"HP 2013 UltraSlim Docking Station (Product : D9Y32AA / Spare : 732252-001)","​ACCESSOIRES ET ÉQUIPEMENTS DE MONTAGE"
2048,"HP 2013 UltraSlim Docking Station (Product : D9Y32AA / Spare : 732252-001)","​ACCESSOIRES ET ÉQUIPEMENTS DE MONTAGE"
2049,"HP 2013 UltraSlim Docking Station (Product : D9Y32AA / Spare : 732252-001)","​ACCESSOIRES ET ÉQUIPEMENTS DE MONTAGE"
2050,"HP 2013 UltraSlim Docking Station (Product : D9Y32AA / Spare : 732252-001)","​ACCESSOIRES ET ÉQUIPEMENTS DE MONTAGE"
1959,"Dell Keyboard Wired Combo","​CLAVIERS ET PÉRIPHÉRIQUES"
1960,"Dell Keyboard Wired Combo","​CLAVIERS ET PÉRIPHÉRIQUES"
2023,"Dell OptiPlex Micro (Intel Core i5-7600T, 8 Go RAM, 256 Go SSD)","​ORDINATEURS DE BUREAU (MINI PC)"
2024,"Dell OptiPlex Micro (Intel Core i5-7600T, 8 Go RAM, 256 Go SSD)","​ORDINATEURS DE BUREAU (MINI PC)"
2025,"Dell OptiPlex Micro (Intel Core i5-7600T, 8 Go RAM, 256 Go SSD)","​ORDINATEURS DE BUREAU (MINI PC)"
2026,"Dell OptiPlex Micro (Intel Core i5-7600T, 8 Go RAM, 256 Go SSD)","​ORDINATEURS DE BUREAU (MINI PC)"
2006,"HP EliteDesk 705 G4 DM 35W (AMD Ryzen 5 PRO 2400GE, 8 Go RAM)","​ORDINATEURS DE BUREAU (MINI PC)"
2007,"HP EliteDesk 705 G4 DM 35W (AMD Ryzen 5 PRO 2400GE, 8 Go RAM)","​ORDINATEURS DE BUREAU (MINI PC)"
2008,"HP EliteDesk 705 G4 DM 35W (AMD Ryzen 5 PRO 2400GE, 8 Go RAM)","​ORDINATEURS DE BUREAU (MINI PC)"
2009,"HP EliteDesk 705 G4 DM 35W (AMD Ryzen 5 PRO 2400GE, 8 Go RAM)","​ORDINATEURS DE BUREAU (MINI PC)"
2010,"HP EliteDesk 705 G4 DM 35W (AMD Ryzen 5 PRO 2400GE, 8 Go RAM)","​ORDINATEURS DE BUREAU (MINI PC)"
2011,"HP EliteDesk 705 G4 DM 35W (AMD Ryzen 5 PRO 2400GE, 8 Go RAM)","​ORDINATEURS DE BUREAU (MINI PC)"
1995,"Dell OptiPlex 3050 Micro (Intel Core i5-6500T, 8 Go RAM, 256 Go SSD)","​ORDINATEURS DE BUREAU (MINI PC)"
2019,"Dell OptiPlex 7050 Micro (Intel Core i5-6500T, 8 Go RAM, 256 Go SSD)","​ORDINATEURS DE BUREAU (MINI PC)"
2020,"Dell OptiPlex 7050 Micro (Intel Core i5-6500T, 8 Go RAM, 256 Go SSD)","​ORDINATEURS DE BUREAU (MINI PC)"
1961,"Lenovo ThinkCentre M715q Tiny (AMD A6 PRO-8570E R5)","​ORDINATEURS DE BUREAU (MINI PC)"
1962,"Lenovo ThinkCentre M715q Tiny (AMD A6 PRO-8570E R5)","​ORDINATEURS DE BUREAU (MINI PC)"
1963,"Lenovo ThinkCentre M715q Tiny (AMD A6 PRO-8570E R5)","​ORDINATEURS DE BUREAU (MINI PC)"
1964,"Lenovo ThinkCentre M715q Tiny (AMD A6 PRO-8570E R5)","​ORDINATEURS DE BUREAU (MINI PC)"
1965,"Lenovo ThinkCentre M715q Tiny (AMD A6 PRO-8570E R5)","​ORDINATEURS DE BUREAU (MINI PC)"
1966,"Lenovo ThinkCentre M715q Tiny (AMD A6 PRO-8570E R5)","​ORDINATEURS DE BUREAU (MINI PC)"
1967,"Lenovo ThinkCentre M715q Tiny (AMD A6 PRO-8570E R5)","​ORDINATEURS DE BUREAU (MINI PC)"
1968,"Lenovo ThinkCentre M715q Tiny (AMD A6 PRO-8570E R5)","​ORDINATEURS DE BUREAU (MINI PC)"
1969,"Lenovo ThinkCentre M715q Tiny (AMD A6 PRO-8570E R5)","​ORDINATEURS DE BUREAU (MINI PC)"
2029,"Logitech Device (M/N : V-U0032 / P/N : 860-000504)","ÉQUIPEMENTS DE VIDÉOCONFÉRENCE"
2030,"Logitech Group (M/N : V-U0036 / P/N : 886-000056)","ÉQUIPEMENTS DE VIDÉOCONFÉRENCE"
2041,"Kensington Universal USB-C Scalable Video Dock with Power Delivery (P/N : K38249 / M/N : M01418)","​ACCESSOIRES ET ÉQUIPEMENTS DE MONTAGE"
2012,"HP ProDesk 405 G4 (AMD Athlon PRO 200GE)","​ORDINATEURS DE BUREAU (MINI PC)"
2013,"HP ProDesk 405 G4 (AMD Athlon PRO 200GE)","​ORDINATEURS DE BUREAU (MINI PC)"
2014,"HP ProDesk 405 G4 (AMD Athlon PRO 200GE)","​ORDINATEURS DE BUREAU (MINI PC)"
2015,"HP ProDesk 405 G4 (AMD Athlon PRO 200GE)","​ORDINATEURS DE BUREAU (MINI PC)"
2037,"Eaton 5P 850","ONDULEURS ET PROTECTION ÉLECTRIQUE (UPS)"
2035,"Eaton 5PX EBM 48V RT2U G2 (Module batterie / Catalog Nb : 5PXEBM48RT2UG2)","ONDULEURS ET PROTECTION ÉLECTRIQUE (UPS)"
2036,"Eaton 5PX EBM 48V RT2U G2 (Module batterie / Catalog Nb : 5PXEBM48RT2UG2)","ONDULEURS ET PROTECTION ÉLECTRIQUE (UPS)"
2033,"Eaton 9SX 5000VA/4500W UPS (P/N : 9104-5210-00P / Modèle : 9SX5KIRT)","ONDULEURS ET PROTECTION ÉLECTRIQUE (UPS)"
2034,"Eaton 9SX 5000VA/4500W UPS (P/N : 9104-5210-00P / Modèle : 9SX5KIRT)","ONDULEURS ET PROTECTION ÉLECTRIQUE (UPS)"
2016,"HP ProDesk 405 G4 (AMD Athlon PRO 200GE)","​ORDINATEURS DE BUREAU (MINI PC)"
2017,"HP ProDesk 405 G4 (AMD Athlon PRO 200GE)","​ORDINATEURS DE BUREAU (MINI PC)"
2028,"Logitech Rally Camera (M/N : V-R0010 / P/N : 860-000569)","ÉQUIPEMENTS DE VIDÉOCONFÉRENCE"
2031,"Logitech Group (M/N : V-U0036 / P/N : 886-000062)","ÉQUIPEMENTS DE VIDÉOCONFÉRENCE"
2021,"Dell OptiPlex 7050 Micro (Intel Core i5-6500T, 8 Go RAM, 256 Go SSD)","​ORDINATEURS DE BUREAU (MINI PC)"
2022,"Dell OptiPlex 7050 Micro (Intel Core i5-6500T, 8 Go RAM, 256 Go SSD)","​ORDINATEURS DE BUREAU (MINI PC)"
2077,"AISENS Monitor Desk Mount/POS Full Motion, 10"" à 24"" (Modèle : DT24TSR-371)","​ACCESSOIRES ET ÉQUIPEMENTS DE MONTAGE"
2075,"AISENS Monitor Desk Mount/POS Full Motion, 17"" à 32"" (Modèle : DT32TSR-373)","​ACCESSOIRES ET ÉQUIPEMENTS DE MONTAGE"
2076,"AISENS Monitor Desk Mount/POS Full Motion, 17"" à 32"" (Modèle : DT32TSR-373)","​ACCESSOIRES ET ÉQUIPEMENTS DE MONTAGE"
2054,"Dell WD19 Docking Station (Modèle : K20A / Type : K20A001)","​ACCESSOIRES ET ÉQUIPEMENTS DE MONTAGE"
2068,"Kit de rails de montage Lenovo ThinkSystem SR530 (FRU P/N : 00YK494 / SN : SM17A18040P1WX08X0121)","​ACCESSOIRES ET ÉQUIPEMENTS DE MONTAGE"
2055,"Dell WD19 Docking Station (Modèle : K20A / Type : K20A001)","​ACCESSOIRES ET ÉQUIPEMENTS DE MONTAGE"
2056,"Dell WD19 Docking Station (Modèle : K20A / Type : K20A001)","​ACCESSOIRES ET ÉQUIPEMENTS DE MONTAGE"
2057,"Dell WD19 Docking Station (Modèle : K20A / Type : K20A001)","​ACCESSOIRES ET ÉQUIPEMENTS DE MONTAGE"
2079,"HP Kit Cable Arm Easy Install, 1U, G9 (P/N : 729872-001)","​ACCESSOIRES ET ÉQUIPEMENTS DE MONTAGE"
2078,"HP Kit Cable Arm, 2U, G9 (P/N : 729871-001)","​ACCESSOIRES ET ÉQUIPEMENTS DE MONTAGE"
2051,"Lenovo ThinkPad Ultra Docking Station (Type : 40AJ / FRU P/N : 5D20X62306)","​ACCESSOIRES ET ÉQUIPEMENTS DE MONTAGE"
2052,"Lenovo ThinkPad Ultra Docking Station (Type : 40AJ / FRU P/N : 5D20X62306)","​ACCESSOIRES ET ÉQUIPEMENTS DE MONTAGE"
2032,"Eaton 9PX 6000i 3:1 Power Module (Catalog Nb : 9PX6KiPM31 / P/N : 9105-1201-00P)","ONDULEURS ET PROTECTION ÉLECTRIQUE (UPS)"
2080,"Heatsink pour HP DL380 / DL380P G10 (P/N : 875070-001 / 839274-001 / 873592-001)","REFROIDISSEMENT SERVEUR"
2081,"Heatsink pour HP DL380 / DL380P G10 (P/N : 875070-001 / 839274-001 / 873592-001)","REFROIDISSEMENT SERVEUR"
2085,"Heatsink pour HPE ProLiant DL360 Gen9 (P/N : 734042-001 / 775403-001)","REFROIDISSEMENT SERVEUR"
2086,"Heatsink pour HPE ProLiant DL360 Gen9 (P/N : 734042-001 / 775403-001)","REFROIDISSEMENT SERVEUR"
2053,"Lenovo ThinkPad Ultra Docking Station (Type : 40AJ / FRU P/N : 5D20X62306)","​ACCESSOIRES ET ÉQUIPEMENTS DE MONTAGE"
2069,"SpeaKa Professional Monitor Desk Stand, noir, ajustable 17"" à 32"" (Réf. : 3419447)","​ACCESSOIRES ET ÉQUIPEMENTS DE MONTAGE"
2070,"SpeaKa Professional Monitor Desk Stand, noir, ajustable 17"" à 32"" (Réf. : 3419447)","​ACCESSOIRES ET ÉQUIPEMENTS DE MONTAGE"
2071,"SpeaKa Professional Monitor Desk Stand, noir, ajustable 17"" à 32"" (Réf. : 3419447)","​ACCESSOIRES ET ÉQUIPEMENTS DE MONTAGE"
2072,"SpeaKa Professional Monitor Desk Stand, noir, ajustable 17"" à 32"" (Réf. : 3419447)","​ACCESSOIRES ET ÉQUIPEMENTS DE MONTAGE"
2044,"Targus USB-C DisplayPort Alt Mode Docking Station 85W PD (Modèle : DOCK430-A / SKU : DOCK430EUZ-70)","​ACCESSOIRES ET ÉQUIPEMENTS DE MONTAGE"
2042,"WAVLINK USB-C 4K Triple Display MST Dock (Modèle : DY-TU4720 Rev.e)","​ACCESSOIRES ET ÉQUIPEMENTS DE MONTAGE"
2043,"WAVLINK USB-C 4K Triple Display MST Dock (Modèle : DY-TU4720 Rev.e)","​ACCESSOIRES ET ÉQUIPEMENTS DE MONTAGE"
2058,"i-tec USB-C Gigabit Ethernet Adapter (10/100/1000 Mbps)","​ACCESSOIRES ET ÉQUIPEMENTS DE MONTAGE"
2059,"i-tec USB-C Gigabit Ethernet Adapter (10/100/1000 Mbps)","​ACCESSOIRES ET ÉQUIPEMENTS DE MONTAGE"
2060,"i-tec USB-C Gigabit Ethernet Adapter (10/100/1000 Mbps)","​ACCESSOIRES ET ÉQUIPEMENTS DE MONTAGE"
2061,"i-tec USB-C Gigabit Ethernet Adapter (10/100/1000 Mbps)","​ACCESSOIRES ET ÉQUIPEMENTS DE MONTAGE"
2062,"i-tec USB-C Gigabit Ethernet Adapter (10/100/1000 Mbps)","​ACCESSOIRES ET ÉQUIPEMENTS DE MONTAGE"
2063,"i-tec USB-C Gigabit Ethernet Adapter (10/100/1000 Mbps)","​ACCESSOIRES ET ÉQUIPEMENTS DE MONTAGE"
2064,"i-tec USB-C Gigabit Ethernet Adapter (10/100/1000 Mbps)","​ACCESSOIRES ET ÉQUIPEMENTS DE MONTAGE"
2027,"HP ProDesk 600 G4 (Intel Core i5-8500T, 8 Go RAM, 256 Go SSD)","​ORDINATEURS DE BUREAU (MINI PC)"
2092,"Heatsink pour HP ProLiant ML350 Gen9 (P/N : 769018-001 / Spare : 780977-001)","REFROIDISSEMENT SERVEUR"
2093,"Heatsink pour HP ProLiant ML350 Gen9 (P/N : 769018-001 / Spare : 780977-001)","REFROIDISSEMENT SERVEUR"
2094,"Heatsink pour HP ProLiant ML350 Gen9 (P/N : 769018-001 / Spare : 780977-001)","REFROIDISSEMENT SERVEUR"
2087,"Heatsink pour HPE ProLiant DL360 Gen9 (P/N : 734042-001 / 775403-001)","REFROIDISSEMENT SERVEUR"
2088,"Heatsink pour HPE ProLiant DL360 Gen9 (P/N : 734042-001 / 775403-001)","REFROIDISSEMENT SERVEUR"
2089,"Heatsink pour HPE ProLiant DL360 Gen9 (P/N : 734042-001 / 775403-001)","REFROIDISSEMENT SERVEUR"
2090,"Heatsink pour HPE ProLiant DL360 Gen9 (P/N : 734042-001 / 775403-001)","REFROIDISSEMENT SERVEUR"
2091,"Heatsink pour HPE ProLiant DL360 Gen9 (P/N : 734042-001 / 775403-001)","REFROIDISSEMENT SERVEUR"
1108,"Asus Notebook UX305C M5-6Y54 8go LPDDR3 256 gb ssd sata 13.3p","laptop"
2018,"Dell OptiPlex 7050 Micro (Intel Core i5-6500T, 8 Go RAM, 256 Go SSD)","​ORDINATEURS DE BUREAU (MINI PC)"
2116,"Dell Précision 3640 i3-10100 8gb ram ddr4 500gb SSD NVMe","PC BUREAU"
2097,"HPE Smart Array P440ar (Serveurs Gen9, format Flexible, 2 ports)","Cartes raid"
2098,"HPE Smart Array P440ar (Serveurs Gen9, format Flexible, 2 ports)","Cartes raid"
2099,"HPE Smart Array P440ar (Serveurs Gen9, format Flexible, 2 ports)","Cartes raid"
2102,"Contrôleurs HPE Smart Array PCle (Microsemi) (Format carte PCle classique, 2 ports)","Cartes raid"
2103,"Contrôleurs HPE Smart Array PCle (Microsemi) (Format carte PCle classique, 2 ports)","Cartes raid"
2104,"Contrôleurs HPE Smart Array PCle (Microsemi) (Format carte PCle classique, 2 ports)","Cartes raid"
2105,"Contrôleurs HPE Smart Array PCle (Microsemi) (Format carte PCle classique, 2 ports)","Cartes raid"
2106,"Contrôleurs HPE Smart Array PCle (Microsemi) (Format carte PCle classique, 2 ports)","Cartes raid"
2107,"Oracle MICROS Compact Workstation 310","Matériel Point de Vente (POS)"
2108,"Oracle MICROS Compact Workstation 310","Matériel Point de Vente (POS)"
2109,"Oracle MICROS Compact Workstation 310","Matériel Point de Vente (POS)"
2110,"Oracle MICROS Compact Workstation 310","Matériel Point de Vente (POS)"
2111,"Oracle MICROS Compact Workstation 310","Matériel Point de Vente (POS)"
2112,"AURES YUNO TXE15J19 Touchscreen POS Terminal","Matériel Point de Vente (POS)"
2113,"Lenovo ThinkSmart Hub 500  (10V5)","Matériel Point de Vente (POS)"
2114,"Oracle MICROS Workstation 6 Series 2 (WS625x) POS Terminal","Matériel Point de Vente (POS)"
2115,"Oracle MICROS Express Station 4 (EWS4) POS Terminal","Matériel Point de Vente (POS)"
2100,"HPE Smart Array P816i-a SR Gen10 (Serveurs Gen10, format Flexible, 4 ports)","Cartes raid"
2101,"HPE Smart Array P816i-a SR Gen10 (Serveurs Gen10, format Flexible, 4 ports)","Cartes raid"
1335,"Canon imageRUNNER ADVANCE 525i","Imprimante"
2117,"Dell Optiplex 9020 i7 4790 8gb ddr3 256gb ssd sata","PC BUREAU"
2118,"Hp Elitedisk i7 6700 8gb ddr4 256gb","PC BUREAU"
2137,"16GB Micron (2933)","RAM ECC"
2138,"16GB Micron (2933)","RAM ECC"
2139,"16GB Micron (2933)","RAM ECC"
2140,"16GB Micron (2933)","RAM ECC"
2141,"16GB Micron (2933)","RAM ECC"
2142,"16GB Micron (2933)","RAM ECC"
2143,"16GB Micron (2933)","RAM ECC"
2136,"32GB Kingston (2133P)","RAM ECC"
2135,"32GB Kingston (2400T)","RAM ECC"
2134,"32GB Micron (2933)","RAM ECC"
2131,"32GB Micron (3200AA)","RAM ECC"
2132,"32GB Micron (3200AA)","RAM ECC"
2119,"32GB SK Hynix (2133P)","RAM ECC"
2120,"32GB SK Hynix (2133P)","RAM ECC"
2121,"32GB SK Hynix (2133P)","RAM ECC"
2122,"32GB SK Hynix (2133P)","RAM ECC"
2123,"32GB SK Hynix (2400T)","RAM ECC"
2124,"32GB SK Hynix (2400T)","RAM ECC"
2125,"32GB SK Hynix (2400T)","RAM ECC"
2129,"32GB Samsung (2400T)","RAM ECC"
2130,"32GB Samsung (2400T)","RAM ECC"
2126,"32GB Samsung (2666V)","RAM ECC"
2127,"32GB Samsung (2666V)","RAM ECC"
2128,"32GB Samsung (2666V)","RAM ECC"
2133,"32GB Samsung (2933)","RAM ECC"
2095,"HP CPU Heatsink (HPE P/N : 747608-001 / Spare : 777290-001)","REFROIDISSEMENT SERVEUR"
2096,"HP CPU Heatsink (HPE P/N : 747608-001 / Spare : 777290-001)","REFROIDISSEMENT SERVEUR"
2219,"16GB Kingston (2933)","RAM ECC"
2220,"16GB Kingston (2933)","RAM ECC"
2185,"16GB Micron (2666V)","RAM ECC"
2186,"16GB Micron (2666V)","RAM ECC"
2146,"16GB Micron (2933)","RAM ECC"
2147,"16GB Micron (2933)","RAM ECC"
2148,"16GB Micron (2933)","RAM ECC"
2149,"16GB Micron (2933)","RAM ECC"
2150,"16GB Micron (2933)","RAM ECC"
2151,"16GB Micron (2933)","RAM ECC"
2152,"16GB Micron (2933)","RAM ECC"
2153,"16GB Micron (2933)","RAM ECC"
2154,"16GB Micron (2933)","RAM ECC"
2155,"16GB Micron (2933)","RAM ECC"
2156,"16GB Micron (2933)","RAM ECC"
2157,"16GB Micron (2933)","RAM ECC"
2158,"16GB Micron (2933)","RAM ECC"
2162,"16GB SK Hynix (2933)","RAM ECC"
2163,"16GB SK Hynix (2933)","RAM ECC"
2164,"16GB SK Hynix (2933)","RAM ECC"
2165,"16GB SK Hynix (2933)","RAM ECC"
2166,"16GB SK Hynix (2933)","RAM ECC"
2167,"16GB SK Hynix (2933)","RAM ECC"
2168,"16GB SK Hynix (2933)","RAM ECC"
2169,"16GB SK Hynix (2933)","RAM ECC"
2170,"16GB SK Hynix (2933)","RAM ECC"
2171,"16GB SK Hynix (2933)","RAM ECC"
2172,"16GB SK Hynix (2933)","RAM ECC"
2173,"16GB SK Hynix (2933)","RAM ECC"
2174,"16GB SK Hynix (2933)","RAM ECC"
2175,"16GB SK Hynix (2933)","RAM ECC"
2176,"16GB SK Hynix (2933)","RAM ECC"
2198,"16GB Samsung (2400T)","RAM ECC"
2201,"16GB Samsung (2400T)","RAM ECC"
2202,"16GB Samsung (2400T)","RAM ECC"
2203,"16GB Samsung (2400T)","RAM ECC"
2204,"16GB Samsung (2400T)","RAM ECC"
2205,"16GB Samsung (2400T)","RAM ECC"
2206,"16GB Samsung (2400T)","RAM ECC"
2207,"16GB Samsung (2400T)","RAM ECC"
2208,"16GB Samsung (2400T)","RAM ECC"
2209,"16GB Samsung (2400T)","RAM ECC"
2210,"16GB Samsung (2400T)","RAM ECC"
2211,"16GB Samsung (2666V)","RAM ECC"
2212,"16GB Samsung (2666V)","RAM ECC"
2213,"16GB Samsung (2666V)","RAM ECC"
2214,"16GB Samsung (2666V)","RAM ECC"
2215,"16GB Samsung (2666V)","RAM ECC"
2216,"16GB Samsung (2666V)","RAM ECC"
2217,"16GB Samsung (2666V)","RAM ECC"
2218,"16GB Samsung (2666V)","RAM ECC"
2237,"16GB Kingston (2133P)","RAM ECC"
2221,"16GB Kingston (2933)","RAM ECC"
2222,"16GB Kingston (2933)","RAM ECC"
2223,"16GB Kingston (2933)","RAM ECC"
2229,"16GB SK Hynix (2400T)","RAM ECC"
2230,"16GB SK Hynix (2400T)","RAM ECC"
2231,"16GB SK Hynix (2400T)","RAM ECC"
2232,"16GB SK Hynix (2400T)","RAM ECC"
2235,"16GB SK Hynix (2666V)","RAM ECC"
2236,"16GB SK Hynix (2666V)","RAM ECC"
2224,"16GB Samsung (2933)","RAM ECC"
2225,"16GB Samsung (2933)","RAM ECC"
2226,"16GB Samsung (2933)","RAM ECC"
2227,"16GB Samsung (2933)","RAM ECC"
2228,"16GB Samsung (2933)","RAM ECC"
2268,"4GB Micron (2666V)","RAM ECC"
2269,"4GB Micron (2666V)","RAM ECC"
2265,"4GB Samsung (2133P)","RAM ECC"
2266,"4GB Samsung (2133P)","RAM ECC"
2267,"4GB Samsung (2133P)","RAM ECC"
2259,"8GB Kingston (2133P)","RAM ECC"
2260,"8GB Kingston (2400T)","RAM ECC"
2238,"8GB SK Hynix (2666V)","RAM ECC"
2239,"8GB SK Hynix (2666V)","RAM ECC"
2240,"8GB SK Hynix (2666V)","RAM ECC"
2241,"8GB SK Hynix (2666V)","RAM ECC"
1106,"Asus Zenbook UX463FA i5-10210 U 16go LPDDR3 512gb ssd nvme pcle 14p","laptop"
1441,"Dell xps 13 9345 Snapdragon x Elite 32gb ddr5 8445mhz 1tb nvme ssd","laptop"
1069,"Lenovo thinkpad E14-G2 i7-1165 G7 16go ddr4 512gb ssd nvme pcle 14p","laptop"
1070,"Lenovo thinkpad E14-G2 i7-1165 G7 16go ddr4 512gb ssd nvme pcle 14p","laptop"
1048,"Lenovo thinkpad x280 i5-8350 U 8go ddr4 256gb ssd nvme 12.5''FHD","laptop"
1049,"Lenovo thinkpad x280 i5-8350 U 8go ddr4 256gb ssd nvme 12.5''FHD","laptop"
1050,"Lenovo thinkpad x280 i5-8350 U 8go ddr4 256gb ssd nvme 12.5''FHD","laptop"
1051,"Lenovo thinkpad x280 i5-8350 U 8go ddr4 256gb ssd nvme 12.5''FHD","laptop"
1020,"Lenovo thinkpad x390 i5-8265 U 8gb ddr4 256gb ssd nvme 13.3''FHD","laptop"
1021,"Lenovo thinkpad x390 i5-8265 U 8gb ddr4 256gb ssd nvme 13.3''FHD","laptop"
1022,"Lenovo thinkpad x390 i5-8265 U 8gb ddr4 256gb ssd nvme 13.3''FHD","laptop"
1023,"Lenovo thinkpad x390 i5-8265 U 8gb ddr4 256gb ssd nvme 13.3''FHD","laptop"
1024,"Lenovo thinkpad x390 i5-8265 U 8gb ddr4 256gb ssd nvme 13.3''FHD","laptop"
1025,"Lenovo thinkpad x390 i5-8265 U 8gb ddr4 256gb ssd nvme 13.3''FHD","laptop"
1026,"Lenovo thinkpad x390 i5-8265 U 8gb ddr4 256gb ssd nvme 13.3''FHD","laptop"
1027,"Lenovo thinkpad x390 i5-8265 U 8gb ddr4 256gb ssd nvme 13.3''FHD","laptop"
1028,"Lenovo thinkpad x390 i5-8265 U 8gb ddr4 256gb ssd nvme 13.3''FHD","laptop"
1029,"Lenovo thinkpad x390 i5-8265 U 8gb ddr4 256gb ssd nvme 13.3''FHD","laptop"
2261,"4GB SK Hynix (2666V)","RAM ECC"
2262,"4GB SK Hynix (2666V)","RAM ECC"
2273,"Dell Optiplex 7410 i5 13500T 8gb ram 256gb nvme","All in One"
2274,"Hp Pro One 600G2 i5 6500T 4gb rma 256gb ssd","All in One"
2233,"16GB Crucial (2666V)","RAM ECC"
2234,"16GB Crucial (2666V)","RAM ECC"
2263,"4GB SK Hynix (2666V)","RAM ECC"
2264,"4GB SK Hynix (2666V)","RAM ECC"
2270,"4GB Samsung (2666V)","RAM ECC"
2271,"4GB Samsung (2666V)","RAM ECC"
2258,"8GB Kingston (2666V)","RAM ECC"
2254,"8GB Micron (2666V)","RAM ECC"
2255,"8GB Micron (2666V)","RAM ECC"
2242,"8GB SK Hynix (2133P)","RAM ECC"
2243,"8GB SK Hynix (2133P)","RAM ECC"
2244,"8GB SK Hynix (2133P)","RAM ECC"
2245,"8GB SK Hynix (2133P)","RAM ECC"
2252,"8GB SK Hynix (2400T)","RAM ECC"
2253,"8GB SK Hynix (2400T)","RAM ECC"
2249,"8GB Samsung (2133P)","RAM ECC"
2250,"8GB Samsung (2133P)","RAM ECC"
2251,"8GB Samsung (2133P)","RAM ECC"
2246,"8GB Samsung (2400T)","RAM ECC"
2247,"8GB Samsung (2400T)","RAM ECC"
2248,"8GB Samsung (2400T)","RAM ECC"
2256,"8GB Samsung (2666V)","RAM ECC"
2257,"8GB Samsung (2666V)","RAM ECC"
252,"65w","Adapter"
253,"65w","Adapter"
254,"65w","Adapter"
255,"65w","Adapter"
256,"65w","Adapter"
272,"90w","Adapter"
273,"90w","Adapter"
1445,"Adaptateur réseau i-tec USB-C Gigabit Ethernet (10/100/1000 Mbps).","Adapter"
735,"A16","CARTE GRAPHIQUE"
1897,"AMD Radeon HD 6570 1GB — Modèle : HX65701G002","CARTE GRAPHIQUE"
1896,"AMD Radeon HD 6570 1GB — Modèle : V340, Réf. HP Spare : 860619-001","CARTE GRAPHIQUE"
730,"GTX 1050 TI","CARTE GRAPHIQUE"
1892,"NVIDIA Quadro 4000 — Dell OEM, Modèle : P2007, DP/N : 06WTYT et 0731Y3","CARTE GRAPHIQUE"
721,"P2000","CARTE GRAPHIQUE"
722,"P2000","CARTE GRAPHIQUE"
723,"P2000","CARTE GRAPHIQUE"
724,"P2000","CARTE GRAPHIQUE"
725,"P2000","CARTE GRAPHIQUE"
726,"P2000","CARTE GRAPHIQUE"
727,"P2000","CARTE GRAPHIQUE"
1457,"Starter Wired Combo keyboard/mouse","CLAVIERS & PÉRIPHÉRIQUES"
1305,"Blocs d'alimentation (PSU) serveur 800W","COMPOSANTS"
1306,"Blocs d'alimentation (PSU) serveur 800W","COMPOSANTS"
1307,"Blocs d'alimentation (PSU) serveur 800W","COMPOSANTS"
1308,"Blocs d'alimentation (PSU) serveur 800W","COMPOSANTS"
1309,"Blocs d'alimentation (PSU) serveur 800W","COMPOSANTS"
1310,"Blocs d'alimentation (PSU) serveur 800W","COMPOSANTS"
1312,"Blocs/modules de ventilation complets pour serveur Lot de ventilateurs SUNON - Modèle PF92381BX-D110-Q99-- et Nidec UltraFlo  Lot de dissipateurs thermiques (Heatsinks) pour processeurs Lot de cages et fonds de panier (Backplanes) SAS/SATA pour disques durs  Divers: pâte thermique, supports de montage CPU et caddies pour disques durs  RÉCAPITULATIF COMPLET","COMPOSANTS"
920,"USB-C to C 5Gbps 100W 5A","Cable"
921,"USB-C to C 5Gbps 100W 5A","Cable"
922,"USB-C to C 5Gbps 100W 5A","Cable"
923,"USB-C to C 5Gbps 100W 5A","Cable"
924,"USB-C to C 5Gbps 100W 5A","Cable"
925,"USB-C to C 5Gbps 100W 5A","Cable"
926,"USB-C to C 5Gbps 100W 5A","Cable"
927,"USB-C to C 5Gbps 100W 5A","Cable"
928,"USB-C to C 5Gbps 100W 5A","Cable"
874,"USB-C to C 5Gbps 100W 5A","Cable"
875,"USB-C to C 5Gbps 100W 5A","Cable"
907,"USB-C to C 5Gbps 100W 5A","Cable"
908,"USB-C to C 5Gbps 100W 5A","Cable"
909,"USB-C to C 5Gbps 100W 5A","Cable"
910,"USB-C to C 5Gbps 100W 5A","Cable"
911,"USB-C to C 5Gbps 100W 5A","Cable"
912,"USB-C to C 5Gbps 100W 5A","Cable"
899,"USB-C to C 5Gbps 100W 5A","Cable"
900,"USB-C to C 5Gbps 100W 5A","Cable"
901,"USB-C to C 5Gbps 100W 5A","Cable"
902,"USB-C to C 5Gbps 100W 5A","Cable"
876,"USB-C to C 5Gbps 100W 5A","Cable"
877,"USB-C to C 5Gbps 100W 5A","Cable"
878,"USB-C to C 5Gbps 100W 5A","Cable"
879,"USB-C to C 5Gbps 100W 5A","Cable"
880,"USB-C to C 5Gbps 100W 5A","Cable"
881,"USB-C to C 5Gbps 100W 5A","Cable"
882,"USB-C to C 5Gbps 100W 5A","Cable"
883,"USB-C to C 5Gbps 100W 5A","Cable"
884,"USB-C to C 5Gbps 100W 5A","Cable"
885,"USB-C to C 5Gbps 100W 5A","Cable"
886,"USB-C to C 5Gbps 100W 5A","Cable"
887,"USB-C to C 5Gbps 100W 5A","Cable"
888,"USB-C to C 5Gbps 100W 5A","Cable"
889,"USB-C to C 5Gbps 100W 5A","Cable"
890,"USB-C to C 5Gbps 100W 5A","Cable"
891,"USB-C to C 5Gbps 100W 5A","Cable"
892,"USB-C to C 5Gbps 100W 5A","Cable"
893,"USB-C to C 5Gbps 100W 5A","Cable"
894,"USB-C to C 5Gbps 100W 5A","Cable"
895,"USB-C to C 5Gbps 100W 5A","Cable"
896,"USB-C to C 5Gbps 100W 5A","Cable"
897,"USB-C to C 5Gbps 100W 5A","Cable"
147,"DELL - 130w / 135w","Chargeur DELL"
133,"DELL - 65w","Chargeur DELL"
134,"DELL - 65w","Chargeur DELL"
109,"HP - 65w","Chargeur HP"
110,"HP - 65w","Chargeur HP"
231,"LENOVO - 130w / 135 w","Chargeur LENOVO"
232,"LENOVO - 130w / 135 w","Chargeur LENOVO"
221,"LENOVO - 130w / 135 w","Chargeur LENOVO"
225,"LENOVO - 130w / 135 w","Chargeur LENOVO"
173,"LENOVO - 65w ( normal )","Chargeur LENOVO"
174,"LENOVO - 65w ( normal )","Chargeur LENOVO"
205,"LENOVO - 90w","Chargeur LENOVO"
206,"LENOVO - 90w","Chargeur LENOVO"
1721,"HPE 500W Flex Slot Platinum Option : 865408-B21 Spare : 866729-001 P/N : 865399-101","HPE / HP(ALIMENTATIONS SERVEUR)"
1722,"HPE 500W Flex Slot Platinum Option : 865408-B21 Spare : 866729-001 P/N : 865399-101","HPE / HP(ALIMENTATIONS SERVEUR)"
1723,"HPE 500W Flex Slot Platinum Option : 865408-B21 Spare : 866729-001 P/N : 865399-101","HPE / HP(ALIMENTATIONS SERVEUR)"
1724,"HPE 500W Flex Slot Platinum Option : 865408-B21 Spare : 866729-001 P/N : 865399-101","HPE / HP(ALIMENTATIONS SERVEUR)"
1725,"HPE 500W Flex Slot Platinum Option : 865408-B21 Spare : 866729-001 P/N : 865399-101","HPE / HP(ALIMENTATIONS SERVEUR)"
1726,"HPE 500W Flex Slot Platinum Option : 865408-B21 Spare : 866729-001 P/N : 865399-101","HPE / HP(ALIMENTATIONS SERVEUR)"
1727,"HPE 500W Flex Slot Platinum Option : 865408-B21 Spare : 866729-001 P/N : 865399-101","HPE / HP(ALIMENTATIONS SERVEUR)"
1728,"HPE 500W Flex Slot Platinum Option : 865408-B21 Spare : 866729-001 P/N : 865399-101","HPE / HP(ALIMENTATIONS SERVEUR)"
1729,"HPE 500W Flex Slot Platinum Option : 865408-B21 Spare : 866729-001 P/N : 865399-101","HPE / HP(ALIMENTATIONS SERVEUR)"
1730,"HPE 500W Flex Slot Platinum Option : 865408-B21 Spare : 866729-001 P/N : 865399-101","HPE / HP(ALIMENTATIONS SERVEUR)"
1731,"HPE 500W Flex Slot Platinum Option : 865408-B21 Spare : 866729-001 P/N : 865399-101","HPE / HP(ALIMENTATIONS SERVEUR)"
1732,"HPE 500W Flex Slot Platinum Option : 865408-B21 Spare : 866729-001 P/N : 865399-101","HPE / HP(ALIMENTATIONS SERVEUR)"
1733,"HPE 500W Flex Slot Platinum Option : 865408-B21 Spare : 866729-001 P/N : 865399-101","HPE / HP(ALIMENTATIONS SERVEUR)"
1734,"HPE 500W Flex Slot Platinum Option : 865408-B21 Spare : 866729-001 P/N : 865399-101","HPE / HP(ALIMENTATIONS SERVEUR)"
1720,"HPE 500W Flex Slot Platinum Option : 865408-B21 Spare : 866729-001 P/N : 865399-101","HPE / HP(ALIMENTATIONS SERVEUR)"
1743,"HPE 800W Flex Slot Platinum Option : 865414-B21 Spare : 866730-001","HPE / HP(ALIMENTATIONS SERVEUR)"
401,"i3 - 6100","INTEL"
402,"i3 - 6100","INTEL"
403,"i3 - 6100","INTEL"
404,"i3 - 6100","INTEL"
405,"i3 - 6100","INTEL"
406,"i3 - 6100","INTEL"
435,"i3 - 6100","INTEL"
436,"i3 - 6100","INTEL"
437,"i3 - 6100","INTEL"
438,"i3 - 6100","INTEL"
1331,"HP Color LaserJet Pro MFP M477fdn","Imprimante"
1332,"HP Color LaserJet Pro MFP M477fdn","Imprimante"
1901,"Kingston 16GB DDR4 3200MHz ECC Registered (KSM32RS4/16MEI) - RDIMM","Kingston"
1902,"Kingston 16GB DDR4 3200MHz ECC Registered (KSM32RS4/16MEI) - RDIMM","Kingston"
1903,"Kingston 16GB DDR4 3200MHz ECC Registered (KSM32RS4/16MEI) - RDIMM","Kingston"
1904,"Kingston 16GB DDR4 3200MHz ECC Registered (KSM32RS4/16MEI) - RDIMM","Kingston"
1905,"Kingston 16GB DDR4 3200MHz ECC Registered (KSM32RS4/16MEI) - RDIMM","Kingston"
1906,"Kingston 16GB DDR4 3200MHz ECC Registered (KSM32RS4/16MEI) - RDIMM","Kingston"
1907,"Kingston 16GB DDR4 3200MHz ECC Registered (KSM32RS4/16MEI) - RDIMM","Kingston"
1911,"Kingston 32GB DDR4 2Rx4 PC4-2400T (Modèle 9995640-032.A00G) - RDIMM","Kingston"
1912,"Kingston 32GB DDR4 2Rx4 PC4-2400T (Modèle 9995640-032.A00G) - RDIMM","Kingston"
1913,"Kingston 32GB DDR4 2Rx4 PC4-2400T (Modèle 9995640-032.A00G) - RDIMM","Kingston"
1914,"Kingston 32GB DDR4 2Rx4 PC4-2400T (Modèle 9995640-032.A00G) - RDIMM","Kingston"
1915,"Kingston 32GB DDR4 2Rx4 PC4-2400T (Modèle 9995640-032.A00G) - RDIMM","Kingston"
1916,"Kingston 32GB DDR4 2Rx4 PC4-2400T (Modèle 9995640-032.A00G) - RDIMM","Kingston"
1410,"HP EliteDesk 800 g6 i5 10500 16gb ddr4 256gb SSD NVMe","Mini pc"
1422,"Hp pro mini 400G9 i3 12100t 16gb ddr4 256go NVMe","Mini pc"
1423,"Hp pro mini 400G9 i3 12100t 16gb ddr4 256go NVMe","Mini pc"
1424,"Hp pro mini 400G9 i3 12100t 16gb ddr4 256go NVMe","Mini pc"
1425,"Hp pro mini 400G9 i3 12100t 16gb ddr4 256go NVMe","Mini pc"
1426,"Hp pro mini 400G9 i3 12100t 16gb ddr4 256go NVMe","Mini pc"
1427,"Hp pro mini 400G9 i3 12100t 16gb ddr4 256go NVMe","Mini pc"
1430,"Hp pro mini 400G9 i3 12100t 16gb ddr4 256go NVMe","Mini pc"
1431,"Hp pro mini 400G9 i3 12100t 16gb ddr4 256go NVMe","Mini pc"
1432,"Hp pro mini 400G9 i3 12100t 16gb ddr4 256go NVMe","Mini pc"
2038,"EATON Ellipse ECO 650","ONDULEURS ET PROTECTION ÉLECTRIQUE (UPS)"
2039,"EATON Ellipse ECO 650","ONDULEURS ET PROTECTION ÉLECTRIQUE (UPS)"
2040,"EATON Ellipse ECO 650","ONDULEURS ET PROTECTION ÉLECTRIQUE (UPS)"
1942,"PNY Technologies Europe Black 4GB DDR4 DIMM (64C0JJFDL8G09) - UDIMM","PNY Technologies Europe"
1943,"PNY Technologies Europe Black 4GB DDR4 DIMM (64C0JJFDL8G09) - UDIMM","PNY Technologies Europe"
2187,"16GB Micron (2666V)","RAM ECC"
2188,"16GB Micron (2666V)","RAM ECC"
2189,"16GB Micron (2666V)","RAM ECC"
2190,"16GB Micron (2666V)","RAM ECC"
2191,"16GB Micron (2666V)","RAM ECC"
2192,"16GB Micron (2666V)","RAM ECC"
2193,"16GB Micron (2666V)","RAM ECC"
2194,"16GB Micron (2666V)","RAM ECC"
2195,"16GB Micron (2666V)","RAM ECC"
2196,"16GB Micron (2666V)","RAM ECC"
2197,"16GB Micron (2666V)","RAM ECC"
2144,"16GB Micron (2933)","RAM ECC"
2145,"16GB Micron (2933)","RAM ECC"
2159,"16GB Micron (2933)","RAM ECC"
2160,"16GB Micron (2933)","RAM ECC"
2161,"16GB Micron (2933)","RAM ECC"
2177,"16GB SK Hynix (2933)","RAM ECC"
2178,"16GB SK Hynix (2933)","RAM ECC"
2179,"16GB SK Hynix (2933)","RAM ECC"
2180,"16GB SK Hynix (2933)","RAM ECC"
2181,"16GB SK Hynix (2933)","RAM ECC"
2182,"16GB SK Hynix (2933)","RAM ECC"
2183,"16GB SK Hynix (2933)","RAM ECC"
2184,"16GB SK Hynix (2933)","RAM ECC"
2082,"Heatsink pour HP DL380 / DL380P G10 (P/N : 875070-001 / 839274-001 / 873592-001)","REFROIDISSEMENT SERVEUR"
2083,"Heatsink pour HP DL380 / DL380P G10 (P/N : 875070-001 / 839274-001 / 873592-001)","REFROIDISSEMENT SERVEUR"
2084,"Heatsink pour HP DL380 / DL380P G10 (P/N : 875070-001 / 839274-001 / 873592-001)","REFROIDISSEMENT SERVEUR"
1288,"Cisco  WS-C2960X -24PS-L Switch","RESEAU-SWITCHES"
1647,"Dell 300GB — SAS 15K — avec caddy","SAS — 2,5"" — 300GB / 146GB"
1648,"Dell 300GB — SAS 15K — avec caddy","SAS — 2,5"" — 300GB / 146GB"
1649,"Dell 300GB — SAS 15K — avec caddy","SAS — 2,5"" — 300GB / 146GB"
